1	245	peak-files/dm/modENCODE/ENCFF068HKK.bed.gz	At100/dm/insv/ENCFF068HKK.posneg
2	289	peak-files/dm/modENCODE/ENCFF004BZT.bed.gz	At100/dm/pan/ENCFF004BZT.posneg
3	299	peak-files/dm/modENCODE/ENCFF058MHE.bed.gz	At100/dm/prd/ENCFF058MHE.posneg
4	134	peak-files/dm/modENCODE/ENCFF342BWT.bed.gz	At100/dm/CG8478/ENCFF342BWT.posneg
5	289	peak-files/dm/modENCODE/ENCFF118OVG.bed.gz	At100/dm/pan/ENCFF118OVG.posneg
6	196	peak-files/dm/modENCODE/ENCFF755AJU.bed.gz	At100/dm/eve/ENCFF755AJU.posneg
7	253	peak-files/dm/modENCODE/ENCFF048PDV.bed.gz	At100/dm/lola/ENCFF048PDV.posneg
8	239	peak-files/dm/modENCODE/ENCFF889JIG.bed.gz	At100/dm/Hr78/ENCFF889JIG.posneg
9	329	peak-files/dm/modENCODE/ENCFF405RLC.bed.gz	At100/dm/SuH/ENCFF405RLC.posneg
10	270	peak-files/dm/modENCODE/ENCFF409EHG.bed.gz	At100/dm/Myc/ENCFF409EHG.posneg
11	308	peak-files/dm/modENCODE/ENCFF213TNU.bed.gz	At100/dm/sc/ENCFF213TNU.posneg
12	243	peak-files/dm/modENCODE/ENCFF695NUV.bed.gz	At100/dm/hth/ENCFF695NUV.posneg
13	223	peak-files/dm/modENCODE/ENCFF803TRO.bed.gz	At100/dm/h/ENCFF803TRO.posneg
14	332	peak-files/dm/modENCODE/ENCFF280NHA.bed.gz	At100/dm/Tbp/ENCFF280NHA.posneg
15	299	peak-files/dm/modENCODE/ENCFF573GVG.bed.gz	At100/dm/prd/ENCFF573GVG.posneg
16	271	peak-files/dm/modENCODE/ENCFF700NXM.bed.gz	At100/dm/N/ENCFF700NXM.posneg
17	148	peak-files/dm/modENCODE/ENCFF864MKA.bed.gz	At100/dm/cnc/ENCFF864MKA.posneg
18	168	peak-files/dm/modENCODE/ENCFF984YJS.bed.gz	At100/dm/Dll/ENCFF984YJS.posneg
19	164	peak-files/dm/modENCODE/ENCFF378LLQ.bed.gz	At100/dm/Dfd/ENCFF378LLQ.posneg
20	329	peak-files/dm/modENCODE/ENCFF786FZV.bed.gz	At100/dm/SuH/ENCFF786FZV.posneg
21	157	peak-files/dm/modENCODE/ENCFF008SFA.bed.gz	At100/dm/D/ENCFF008SFA.posneg
22	327	peak-files/dm/modENCODE/ENCFF321QPN.bed.gz	At100/dm/Stat92E/ENCFF321QPN.posneg
23	308	peak-files/dm/modENCODE/ENCFF539BED.bed.gz	At100/dm/sc/ENCFF539BED.posneg
24	270	peak-files/dm/modENCODE/ENCFF341QUK.bed.gz	At100/dm/Myc/ENCFF341QUK.posneg
25	330	peak-files/dm/modENCODE/ENCFF867MXB.bed.gz	At100/dm/suHw/ENCFF867MXB.posneg
26	164	peak-files/dm/modENCODE/ENCFF064RCS.bed.gz	At100/dm/Dfd/ENCFF064RCS.posneg
27	254	peak-files/dm/modENCODE/ENCFF262VLK.bed.gz	At100/dm/lov/ENCFF262VLK.posneg
28	211	peak-files/dm/modENCODE/ENCFF108OTF.bed.gz	At100/dm/fru/ENCFF108OTF.posneg
29	329	peak-files/dm/modENCODE/ENCFF836TXD.bed.gz	At100/dm/SuH/ENCFF836TXD.posneg
30	177	peak-files/dm/modENCODE/ENCFF287BIW.bed.gz	At100/dm/EcR/ENCFF287BIW.posneg
31	177	peak-files/dm/modENCODE/ENCFF242NCQ.bed.gz	At100/dm/EcR/ENCFF242NCQ.posneg
32	223	peak-files/dm/modENCODE/ENCFF222FPY.bed.gz	At100/dm/h/ENCFF222FPY.posneg
33	235	peak-files/dm/modENCODE/ENCFF303AHH.bed.gz	At100/dm/Hr39/ENCFF303AHH.posneg
34	340	peak-files/dm/modENCODE/ENCFF236ZXL.bed.gz	At100/dm/Trl/ENCFF236ZXL.posneg
35	23	peak-files/dm/modENCODE/ENCFF351KHY.bed.gz	At100/dm/cad/ENCFF351KHY.posneg
36	164	peak-files/dm/modENCODE/ENCFF318IJE.bed.gz	At100/dm/Dfd/ENCFF318IJE.posneg
37	178	peak-files/dm/modENCODE/ENCFF073WXU.bed.gz	At100/dm/Eip74EF/ENCFF073WXU.posneg
38	196	peak-files/dm/modENCODE/ENCFF417RHJ.bed.gz	At100/dm/eve/ENCFF417RHJ.posneg
39	253	peak-files/dm/modENCODE/ENCFF603JQT.bed.gz	At100/dm/lola/ENCFF603JQT.posneg
40	239	peak-files/dm/modENCODE/ENCFF941OPK.bed.gz	At100/dm/Hr78/ENCFF941OPK.posneg
41	134	peak-files/dm/modENCODE/ENCFF752LCW.bed.gz	At100/dm/CG8478/ENCFF752LCW.posneg
42	134	peak-files/dm/modENCODE/ENCFF464BNL.bed.gz	At100/dm/CG8478/ENCFF464BNL.posneg
43	154	peak-files/dm/modENCODE/ENCFF242ITR.bed.gz	At100/dm/CTCF/ENCFF242ITR.posneg
44	289	peak-files/dm/modENCODE/ENCFF594VMN.bed.gz	At100/dm/pan/ENCFF594VMN.posneg
45	148	peak-files/dm/modENCODE/ENCFF076IKF.bed.gz	At100/dm/cnc/ENCFF076IKF.posneg
46	327	peak-files/dm/modENCODE/ENCFF067SPH.bed.gz	At100/dm/Stat92E/ENCFF067SPH.posneg
47	17	peak-files/dm/modENCODE/ENCFF914PMB.bed.gz	At100/dm/br/ENCFF914PMB.posneg
48	3	peak-files/dm/modENCODE/ENCFF321OSN.bed.gz	At100/dm/Abd-B/ENCFF321OSN.posneg
49	341	peak-files/dm/modENCODE/ENCFF156GBL.bed.gz	At100/dm/ttk/ENCFF156GBL.posneg
50	340	peak-files/dm/modENCODE/ENCFF998XPW.bed.gz	At100/dm/Trl/ENCFF998XPW.posneg
51	289	peak-files/dm/modENCODE/ENCFF432EKX.bed.gz	At100/dm/pan/ENCFF432EKX.posneg
52	337	peak-files/dm/modENCODE/ENCFF770GUN.bed.gz	At100/dm/tll/ENCFF770GUN.posneg
53	228	peak-files/dm/modENCODE/ENCFF810IMH.bed.gz	At100/dm/hkb/ENCFF810IMH.posneg
54	253	peak-files/dm/modENCODE/ENCFF624NYK.bed.gz	At100/dm/lola/ENCFF624NYK.posneg
55	154	peak-files/dm/modENCODE/ENCFF630IOW.bed.gz	At100/dm/CTCF/ENCFF630IOW.posneg
56	346	peak-files/dm/modENCODE/ENCFF446GXF.bed.gz	At100/dm/usp/ENCFF446GXF.posneg
57	346	peak-files/dm/modENCODE/ENCFF897SXY.bed.gz	At100/dm/usp/ENCFF897SXY.posneg
58	346	peak-files/dm/modENCODE/ENCFF102VYM.bed.gz	At100/dm/usp/ENCFF102VYM.posneg
59	289	peak-files/dm/modENCODE/ENCFF923TXP.bed.gz	At100/dm/pan/ENCFF923TXP.posneg
60	203	peak-files/dm/modERN/ENCFF161YYL.bed.gz	At100/dm/fd59A/ENCFF161YYL.posneg
61	68	peak-files/dm/modERN/ENCFF789WVF.bed.gz	At100/dm/CG16779/ENCFF789WVF.posneg
62	225	peak-files/dm/modERN/ENCFF554AFK.bed.gz	At100/dm/her/ENCFF554AFK.posneg
63	149	peak-files/dm/modERN/ENCFF466GRZ.bed.gz	At100/dm/corto/ENCFF466GRZ.posneg
64	130	peak-files/dm/modERN/ENCFF398HVZ.bed.gz	At100/dm/CG8301/ENCFF398HVZ.posneg
65	325	peak-files/dm/modERN/ENCFF983LSZ.bed.gz	At100/dm/ss/ENCFF983LSZ.posneg
66	129	peak-files/dm/modERN/ENCFF558RLK.bed.gz	At100/dm/CG8159/ENCFF558RLK.posneg
67	58	peak-files/dm/modERN/ENCFF675OTQ.bed.gz	At100/dm/CG14711/ENCFF675OTQ.posneg
68	323	peak-files/dm/modERN/ENCFF566AND.bed.gz	At100/dm/Sry-β/ENCFF566AND.posneg
69	70	peak-files/dm/modERN/ENCFF051GFC.bed.gz	At100/dm/CG17181/ENCFF051GFC.posneg
70	20	peak-files/dm/modERN/ENCFF200EWT.bed.gz	At100/dm/BtbVII/ENCFF200EWT.posneg
71	126	peak-files/dm/modERN/ENCFF523DZS.bed.gz	At100/dm/CG7928/ENCFF523DZS.posneg
72	153	peak-files/dm/modERN/ENCFF404JNR.bed.gz	At100/dm/crp/ENCFF404JNR.posneg
73	252	peak-files/dm/modERN/ENCFF554HWG.bed.gz	At100/dm/lilli/ENCFF554HWG.posneg
74	306	peak-files/dm/modERN/ENCFF386VVR.bed.gz	At100/dm/sage/ENCFF386VVR.posneg
75	248	peak-files/dm/modERN/ENCFF271JUU.bed.gz	At100/dm/kni/ENCFF271JUU.posneg
76	116	peak-files/dm/modERN/ENCFF729YEP.bed.gz	At100/dm/CG6254/ENCFF729YEP.posneg
77	56	peak-files/dm/modERN/ENCFF880ZSE.bed.gz	At100/dm/CG14655/ENCFF880ZSE.posneg
78	250	peak-files/dm/modERN/ENCFF934NUU.bed.gz	At100/dm/lab/ENCFF934NUU.posneg
79	157	peak-files/dm/modERN/ENCFF603HCR.bed.gz	At100/dm/D/ENCFF603HCR.posneg
80	145	peak-files/dm/modERN/ENCFF266DFC.bed.gz	At100/dm/chn/ENCFF266DFC.posneg
81	154	peak-files/dm/modERN/ENCFF430LYD.bed.gz	At100/dm/CTCF/ENCFF430LYD.posneg
82	92	peak-files/dm/modERN/ENCFF115IAV.bed.gz	At100/dm/CG30431/ENCFF115IAV.posneg
83	330	peak-files/dm/modERN/ENCFF767QWV.bed.gz	At100/dm/suHw/ENCFF767QWV.posneg
84	292	peak-files/dm/modERN/ENCFF816HWP.bed.gz	At100/dm/Pdp1/ENCFF816HWP.posneg
85	25	peak-files/dm/modERN/ENCFF388SSE.bed.gz	At100/dm/caup/ENCFF388SSE.posneg
86	293	peak-files/dm/modERN/ENCFF829QJB.bed.gz	At100/dm/pfk/ENCFF829QJB.posneg
87	268	peak-files/dm/modERN/ENCFF305KHK.bed.gz	At100/dm/MTF-1/ENCFF305KHK.posneg
88	15	peak-files/dm/modERN/ENCFF453JHO.bed.gz	At100/dm/bigmax/ENCFF453JHO.posneg
89	285	peak-files/dm/modERN/ENCFF367FBJ.bed.gz	At100/dm/org-1/ENCFF367FBJ.posneg
90	121	peak-files/dm/modERN/ENCFF184JDL.bed.gz	At100/dm/CG6854/ENCFF184JDL.posneg
91	54	peak-files/dm/modERN/ENCFF892MVJ.bed.gz	At100/dm/CG13775/ENCFF892MVJ.posneg
92	39	peak-files/dm/modERN/ENCFF622FZA.bed.gz	At100/dm/CG11723/ENCFF622FZA.posneg
93	333	peak-files/dm/modERN/ENCFF865ORH.bed.gz	At100/dm/TFAM/ENCFF865ORH.posneg
94	349	peak-files/dm/modERN/ENCFF392BMO.bed.gz	At100/dm/Vsx1/ENCFF392BMO.posneg
95	98	peak-files/dm/modERN/ENCFF381LPZ.bed.gz	At100/dm/CG3281/ENCFF381LPZ.posneg
96	302	peak-files/dm/modERN/ENCFF101TBI.bed.gz	At100/dm/Rel/ENCFF101TBI.posneg
97	113	peak-files/dm/modERN/ENCFF621WNP.bed.gz	At100/dm/CG4854/ENCFF621WNP.posneg
98	113	peak-files/dm/modERN/ENCFF904JNR.bed.gz	At100/dm/CG4854/ENCFF904JNR.posneg
99	147	peak-files/dm/modERN/ENCFF066ODW.bed.gz	At100/dm/Clk/ENCFF066ODW.posneg
100	38	peak-files/dm/modERN/ENCFF796WLI.bed.gz	At100/dm/CG11617/ENCFF796WLI.posneg
101	119	peak-files/dm/modERN/ENCFF921NGG.bed.gz	At100/dm/CG6808/ENCFF921NGG.posneg
102	19	peak-files/dm/modERN/ENCFF782AVC.bed.gz	At100/dm/bsh/ENCFF782AVC.posneg
103	224	peak-files/dm/modERN/ENCFF123ODE.bed.gz	At100/dm/Hand/ENCFF123ODE.posneg
104	348	peak-files/dm/modERN/ENCFF510FWE.bed.gz	At100/dm/vri/ENCFF510FWE.posneg
105	288	peak-files/dm/modERN/ENCFF194SDY.bed.gz	At100/dm/pad/ENCFF194SDY.posneg
106	326	peak-files/dm/modERN/ENCFF651RRS.bed.gz	At100/dm/Ssrp/ENCFF651RRS.posneg
107	335	peak-files/dm/modERN/ENCFF794CQT.bed.gz	At100/dm/tio/ENCFF794CQT.posneg
108	296	peak-files/dm/modERN/ENCFF145QEJ.bed.gz	At100/dm/phol/ENCFF145QEJ.posneg
109	342	peak-files/dm/modERN/ENCFF111IYL.bed.gz	At100/dm/tup/ENCFF111IYL.posneg
110	275	peak-files/dm/modERN/ENCFF412ERQ.bed.gz	At100/dm/Neu2/ENCFF412ERQ.posneg
111	314	peak-files/dm/modERN/ENCFF575JGX.bed.gz	At100/dm/Side/ENCFF575JGX.posneg
112	308	peak-files/dm/modERN/ENCFF188PRM.bed.gz	At100/dm/sc/ENCFF188PRM.posneg
113	109	peak-files/dm/modERN/ENCFF096ZZY.bed.gz	At100/dm/CG4328/ENCFF096ZZY.posneg
114	148	peak-files/dm/modERN/ENCFF351JBY.bed.gz	At100/dm/cnc/ENCFF351JBY.posneg
115	212	peak-files/dm/modERN/ENCFF935MTW.bed.gz	At100/dm/ftz-f1/ENCFF935MTW.posneg
116	303	peak-files/dm/modERN/ENCFF346DAK.bed.gz	At100/dm/repo/ENCFF346DAK.posneg
117	311	peak-files/dm/modERN/ENCFF664CDO.bed.gz	At100/dm/sd/ENCFF664CDO.posneg
118	2	peak-files/dm/modERN/ENCFF500YBF.bed.gz	At100/dm/abd-A/ENCFF500YBF.posneg
119	240	peak-files/dm/modERN/ENCFF121BWC.bed.gz	At100/dm/Hr83/ENCFF121BWC.posneg
120	150	peak-files/dm/modERN/ENCFF284RTS.bed.gz	At100/dm/CrebA/ENCFF284RTS.posneg
121	259	peak-files/dm/modERN/ENCFF629XNY.bed.gz	At100/dm/Max/ENCFF629XNY.posneg
122	179	peak-files/dm/modERN/ENCFF707GZA.bed.gz	At100/dm/Eip75B/ENCFF707GZA.posneg
123	156	peak-files/dm/modERN/ENCFF710XKN.bed.gz	At100/dm/cyc/ENCFF710XKN.posneg
124	170	peak-files/dm/modERN/ENCFF161YKX.bed.gz	At100/dm/dmrt11E/ENCFF161YKX.posneg
125	44	peak-files/dm/modERN/ENCFF627TDV.bed.gz	At100/dm/CG12236/ENCFF627TDV.posneg
126	61	peak-files/dm/modERN/ENCFF621JDK.bed.gz	At100/dm/CG15269/ENCFF621JDK.posneg
127	47	peak-files/dm/modERN/ENCFF803IKO.bed.gz	At100/dm/CG12391/ENCFF803IKO.posneg
128	354	peak-files/dm/modERN/ENCFF206SYO.bed.gz	At100/dm/zen/ENCFF206SYO.posneg
129	284	peak-files/dm/modERN/ENCFF126COV.bed.gz	At100/dm/OdsH/ENCFF126COV.posneg
130	257	peak-files/dm/modERN/ENCFF297PNE.bed.gz	At100/dm/Mad/ENCFF297PNE.posneg
131	213	peak-files/dm/modERN/ENCFF913ZLS.bed.gz	At100/dm/fu2/ENCFF913ZLS.posneg
132	223	peak-files/dm/modERN/ENCFF192OFW.bed.gz	At100/dm/h/ENCFF192OFW.posneg
133	162	peak-files/dm/modERN/ENCFF501NEC.bed.gz	At100/dm/Dad/ENCFF501NEC.posneg
134	7	peak-files/dm/modERN/ENCFF560ZBF.bed.gz	At100/dm/Antp/ENCFF560ZBF.posneg
135	292	peak-files/dm/modERN/ENCFF279LCA.bed.gz	At100/dm/Pdp1/ENCFF279LCA.posneg
136	350	peak-files/dm/modERN/ENCFF574VKT.bed.gz	At100/dm/Vsx2/ENCFF574VKT.posneg
137	352	peak-files/dm/modERN/ENCFF916ZJW.bed.gz	At100/dm/woc/ENCFF916ZJW.posneg
138	1	peak-files/dm/modERN/ENCFF480LXX.bed.gz	At100/dm/ab/ENCFF480LXX.posneg
139	199	peak-files/dm/modERN/ENCFF710HFR.bed.gz	At100/dm/ey/ENCFF710HFR.posneg
140	96	peak-files/dm/modERN/ENCFF087YMD.bed.gz	At100/dm/CG31627/ENCFF087YMD.posneg
141	6	peak-files/dm/modERN/ENCFF920RXL.bed.gz	At100/dm/acj6/ENCFF920RXL.posneg
142	207	peak-files/dm/modERN/ENCFF545KPK.bed.gz	At100/dm/Fer2/ENCFF545KPK.posneg
143	206	peak-files/dm/modERN/ENCFF885RDD.bed.gz	At100/dm/fd96Cb/ENCFF885RDD.posneg
144	102	peak-files/dm/modERN/ENCFF069WPC.bed.gz	At100/dm/CG34367/ENCFF069WPC.posneg
145	3	peak-files/dm/modERN/ENCFF731VFB.bed.gz	At100/dm/Abd-B/ENCFF731VFB.posneg
146	251	peak-files/dm/modERN/ENCFF310MNI.bed.gz	At100/dm/lbe/ENCFF310MNI.posneg
147	163	peak-files/dm/modERN/ENCFF036WSP.bed.gz	At100/dm/Deaf1/ENCFF036WSP.posneg
148	263	peak-files/dm/modERN/ENCFF127ZEN.bed.gz	At100/dm/Met/ENCFF127ZEN.posneg
149	246	peak-files/dm/modERN/ENCFF740MEO.bed.gz	At100/dm/Jra/ENCFF740MEO.posneg
150	67	peak-files/dm/modERN/ENCFF732FWJ.bed.gz	At100/dm/CG1647/ENCFF732FWJ.posneg
151	17	peak-files/dm/modERN/ENCFF400LCF.bed.gz	At100/dm/br/ENCFF400LCF.posneg
152	313	peak-files/dm/modERN/ENCFF838MFW.bed.gz	At100/dm/shn/ENCFF838MFW.posneg
153	78	peak-files/dm/modERN/ENCFF600UCD.bed.gz	At100/dm/CG18011/ENCFF600UCD.posneg
154	297	peak-files/dm/modERN/ENCFF902XUL.bed.gz	At100/dm/pita/ENCFF902XUL.posneg
155	83	peak-files/dm/modERN/ENCFF013EPO.bed.gz	At100/dm/CG18764/ENCFF013EPO.posneg
156	105	peak-files/dm/modERN/ENCFF158SZN.bed.gz	At100/dm/CG3919/ENCFF158SZN.posneg
157	91	peak-files/dm/modERN/ENCFF613KAV.bed.gz	At100/dm/CG30403/ENCFF613KAV.posneg
158	283	peak-files/dm/modERN/ENCFF684MQZ.bed.gz	At100/dm/odd/ENCFF684MQZ.posneg
159	309	peak-files/dm/modERN/ENCFF916IVW.bed.gz	At100/dm/schlank/ENCFF916IVW.posneg
160	226	peak-files/dm/modERN/ENCFF787NDL.bed.gz	At100/dm/Hey/ENCFF787NDL.posneg
161	65	peak-files/dm/modERN/ENCFF038DLA.bed.gz	At100/dm/CG1602/ENCFF038DLA.posneg
162	9	peak-files/dm/modERN/ENCFF831EUF.bed.gz	At100/dm/az2/ENCFF831EUF.posneg
163	334	peak-files/dm/modERN/ENCFF725XMW.bed.gz	At100/dm/tin/ENCFF725XMW.posneg
164	32	peak-files/dm/modERN/ENCFF568JAR.bed.gz	At100/dm/CG10462/ENCFF568JAR.posneg
165	151	peak-files/dm/modERN/ENCFF090JJN.bed.gz	At100/dm/CrebB/ENCFF090JJN.posneg
166	108	peak-files/dm/modERN/ENCFF798IOJ.bed.gz	At100/dm/CG4318/ENCFF798IOJ.posneg
167	247	peak-files/dm/modERN/ENCFF576SES.bed.gz	At100/dm/kay/ENCFF576SES.posneg
168	97	peak-files/dm/modERN/ENCFF627TXO.bed.gz	At100/dm/CG32006/ENCFF627TXO.posneg
169	28	peak-files/dm/modERN/ENCFF474FPM.bed.gz	At100/dm/CG10209/ENCFF474FPM.posneg
170	94	peak-files/dm/modERN/ENCFF295ECE.bed.gz	At100/dm/CG31365/ENCFF295ECE.posneg
171	146	peak-files/dm/modERN/ENCFF698AVD.bed.gz	At100/dm/cic/ENCFF698AVD.posneg
172	245	peak-files/dm/modERN/ENCFF008MOP.bed.gz	At100/dm/insv/ENCFF008MOP.posneg
173	325	peak-files/dm/modERN/ENCFF964UDW.bed.gz	At100/dm/ss/ENCFF964UDW.posneg
174	286	peak-files/dm/modERN/ENCFF023KLC.bed.gz	At100/dm/ovo/ENCFF023KLC.posneg
175	284	peak-files/dm/modERN/ENCFF853CVK.bed.gz	At100/dm/OdsH/ENCFF853CVK.posneg
176	167	peak-files/dm/modERN/ENCFF582WMX.bed.gz	At100/dm/dl/ENCFF582WMX.posneg
177	216	peak-files/dm/modERN/ENCFF169ZEG.bed.gz	At100/dm/gcm2/ENCFF169ZEG.posneg
178	121	peak-files/dm/modERN/ENCFF134DFH.bed.gz	At100/dm/CG6854/ENCFF134DFH.posneg
179	124	peak-files/dm/modERN/ENCFF586YBO.bed.gz	At100/dm/CG7556/ENCFF586YBO.posneg
180	317	peak-files/dm/modERN/ENCFF845PRO.bed.gz	At100/dm/slou/ENCFF845PRO.posneg
181	21	peak-files/dm/modERN/ENCFF190WOL.bed.gz	At100/dm/Bteb2/ENCFF190WOL.posneg
182	82	peak-files/dm/modERN/ENCFF039NJX.bed.gz	At100/dm/CG18619/ENCFF039NJX.posneg
183	255	peak-files/dm/modERN/ENCFF108BXU.bed.gz	At100/dm/luna/ENCFF108BXU.posneg
184	4	peak-files/dm/modERN/ENCFF073ETO.bed.gz	At100/dm/ac/ENCFF073ETO.posneg
185	132	peak-files/dm/modERN/ENCFF174FXW.bed.gz	At100/dm/CG8359/ENCFF174FXW.posneg
186	12	peak-files/dm/modERN/ENCFF256ZXB.bed.gz	At100/dm/bcd/ENCFF256ZXB.posneg
187	160	peak-files/dm/modERN/ENCFF893XMO.bed.gz	At100/dm/D19B/ENCFF893XMO.posneg
188	140	peak-files/dm/modERN/ENCFF750DHO.bed.gz	At100/dm/CG9727/ENCFF750DHO.posneg
189	249	peak-files/dm/modERN/ENCFF857BTR.bed.gz	At100/dm/Kr/ENCFF857BTR.posneg
190	339	peak-files/dm/modERN/ENCFF201DIS.bed.gz	At100/dm/trh/ENCFF201DIS.posneg
191	245	peak-files/dm/modERN/ENCFF814GSN.bed.gz	At100/dm/insv/ENCFF814GSN.posneg
192	280	peak-files/dm/modERN/ENCFF621ZFI.bed.gz	At100/dm/nmo/ENCFF621ZFI.posneg
193	331	peak-files/dm/modERN/ENCFF048MUD.bed.gz	At100/dm/sv/ENCFF048MUD.posneg
194	230	peak-files/dm/modERN/ENCFF682ROE.bed.gz	At100/dm/HLH54F/ENCFF682ROE.posneg
195	256	peak-files/dm/modERN/ENCFF679URO.bed.gz	At100/dm/lz/ENCFF679URO.posneg
196	247	peak-files/dm/modERN/ENCFF747NGN.bed.gz	At100/dm/kay/ENCFF747NGN.posneg
197	272	peak-files/dm/modERN/ENCFF371LSA.bed.gz	At100/dm/nau/ENCFF371LSA.posneg
198	125	peak-files/dm/modERN/ENCFF159BPU.bed.gz	At100/dm/CG7786/ENCFF159BPU.posneg
199	50	peak-files/dm/modERN/ENCFF532BBC.bed.gz	At100/dm/CG13123/ENCFF532BBC.posneg
200	209	peak-files/dm/modERN/ENCFF499KPW.bed.gz	At100/dm/fkh/ENCFF499KPW.posneg
201	53	peak-files/dm/modERN/ENCFF038FQN.bed.gz	At100/dm/CG13624/ENCFF038FQN.posneg
202	194	peak-files/dm/modERN/ENCFF372EFU.bed.gz	At100/dm/Ets96B/ENCFF372EFU.posneg
203	17	peak-files/dm/modERN/ENCFF846DBY.bed.gz	At100/dm/br/ENCFF846DBY.posneg
204	89	peak-files/dm/modERN/ENCFF026PTJ.bed.gz	At100/dm/CG30020/ENCFF026PTJ.posneg
205	174	peak-files/dm/modERN/ENCFF661BQK.bed.gz	At100/dm/dpn/ENCFF661BQK.posneg
206	159	peak-files/dm/modERN/ENCFF191EVG.bed.gz	At100/dm/D19A/ENCFF191EVG.posneg
207	343	peak-files/dm/modERN/ENCFF100EUY.bed.gz	At100/dm/twi/ENCFF100EUY.posneg
208	295	peak-files/dm/modERN/ENCFF740TXB.bed.gz	At100/dm/pho/ENCFF740TXB.posneg
209	120	peak-files/dm/modERN/ENCFF240CXQ.bed.gz	At100/dm/CG6813/ENCFF240CXQ.posneg
210	219	peak-files/dm/modERN/ENCFF179OVA.bed.gz	At100/dm/gl/ENCFF179OVA.posneg
211	63	peak-files/dm/modERN/ENCFF730PDT.bed.gz	At100/dm/CG15514/ENCFF730PDT.posneg
212	31	peak-files/dm/modERN/ENCFF425IEU.bed.gz	At100/dm/CG10431/ENCFF425IEU.posneg
213	307	peak-files/dm/modERN/ENCFF222UGR.bed.gz	At100/dm/salr/ENCFF222UGR.posneg
214	197	peak-files/dm/modERN/ENCFF548SKE.bed.gz	At100/dm/ewg/ENCFF548SKE.posneg
215	16	peak-files/dm/modERN/ENCFF144KSF.bed.gz	At100/dm/Blimp-1/ENCFF144KSF.posneg
216	355	peak-files/dm/modERN/ENCFF216VTQ.bed.gz	At100/dm/zfh2/ENCFF216VTQ.posneg
217	81	peak-files/dm/modERN/ENCFF688PWU.bed.gz	At100/dm/CG18599/ENCFF688PWU.posneg
218	258	peak-files/dm/modERN/ENCFF518OMQ.bed.gz	At100/dm/maf-S/ENCFF518OMQ.posneg
219	166	peak-files/dm/modERN/ENCFF377VXM.bed.gz	At100/dm/Dip3/ENCFF377VXM.posneg
220	324	peak-files/dm/modERN/ENCFF992OGZ.bed.gz	At100/dm/Sry-δ/ENCFF992OGZ.posneg
221	234	peak-files/dm/modERN/ENCFF144OZH.bed.gz	At100/dm/Hr38/ENCFF144OZH.posneg
222	99	peak-files/dm/modERN/ENCFF920ZZU.bed.gz	At100/dm/CG33213/ENCFF920ZZU.posneg
223	88	peak-files/dm/modERN/ENCFF256SLO.bed.gz	At100/dm/CG2712/ENCFF256SLO.posneg
224	302	peak-files/dm/modERN/ENCFF357FPP.bed.gz	At100/dm/Rel/ENCFF357FPP.posneg
225	118	peak-files/dm/modERN/ENCFF266CND.bed.gz	At100/dm/CG6654/ENCFF266CND.posneg
226	214	peak-files/dm/modERN/ENCFF202YXL.bed.gz	At100/dm/GATAd/ENCFF202YXL.posneg
227	210	peak-files/dm/modERN/ENCFF513HGZ.bed.gz	At100/dm/foxo/ENCFF513HGZ.posneg
228	165	peak-files/dm/modERN/ENCFF471JEZ.bed.gz	At100/dm/Dif/ENCFF471JEZ.posneg
229	312	peak-files/dm/modERN/ENCFF367EQO.bed.gz	At100/dm/sens/ENCFF367EQO.posneg
230	329	peak-files/dm/modERN/ENCFF773TZB.bed.gz	At100/dm/SuH/ENCFF773TZB.posneg
231	264	peak-files/dm/modERN/ENCFF745XNP.bed.gz	At100/dm/Mio/ENCFF745XNP.posneg
232	122	peak-files/dm/modERN/ENCFF159JTG.bed.gz	At100/dm/CG7101/ENCFF159JTG.posneg
233	13	peak-files/dm/modERN/ENCFF319IUM.bed.gz	At100/dm/Bdp1/ENCFF319IUM.posneg
234	80	peak-files/dm/modERN/ENCFF249OVZ.bed.gz	At100/dm/CG18476/ENCFF249OVZ.posneg
235	33	peak-files/dm/modERN/ENCFF980PCO.bed.gz	At100/dm/CG10543/ENCFF980PCO.posneg
236	328	peak-files/dm/modERN/ENCFF794HRO.bed.gz	At100/dm/sug/ENCFF794HRO.posneg
237	260	peak-files/dm/modERN/ENCFF669XOU.bed.gz	At100/dm/Med/ENCFF669XOU.posneg
238	261	peak-files/dm/modERN/ENCFF949GGM.bed.gz	At100/dm/Meics/ENCFF949GGM.posneg
239	117	peak-files/dm/modERN/ENCFF104SSP.bed.gz	At100/dm/CG6276/ENCFF104SSP.posneg
240	185	peak-files/dm/modERN/ENCFF649JTF.bed.gz	At100/dm/ERR/ENCFF649JTF.posneg
241	22	peak-files/dm/modERN/ENCFF821OGZ.bed.gz	At100/dm/btn/ENCFF821OGZ.posneg
242	135	peak-files/dm/modERN/ENCFF709GMR.bed.gz	At100/dm/CG8924/ENCFF709GMR.posneg
243	290	peak-files/dm/modERN/ENCFF643GNF.bed.gz	At100/dm/pb/ENCFF643GNF.posneg
244	72	peak-files/dm/modERN/ENCFF011ZFF.bed.gz	At100/dm/CG17801/ENCFF011ZFF.posneg
245	336	peak-files/dm/modERN/ENCFF499XZJ.bed.gz	At100/dm/tj/ENCFF499XZJ.posneg
246	153	peak-files/dm/modERN/ENCFF048JXD.bed.gz	At100/dm/crp/ENCFF048JXD.posneg
247	30	peak-files/dm/modERN/ENCFF688MZB.bed.gz	At100/dm/CG10274/ENCFF688MZB.posneg
248	36	peak-files/dm/modERN/ENCFF076SSJ.bed.gz	At100/dm/CG10669/ENCFF076SSJ.posneg
249	184	peak-files/dm/modERN/ENCFF932ESA.bed.gz	At100/dm/en/ENCFF932ESA.posneg
250	161	peak-files/dm/modERN/ENCFF718YZD.bed.gz	At100/dm/da/ENCFF718YZD.posneg
251	287	peak-files/dm/modERN/ENCFF127TLY.bed.gz	At100/dm/p53/ENCFF127TLY.posneg
252	75	peak-files/dm/modERN/ENCFF398WRM.bed.gz	At100/dm/CG17829/ENCFF398WRM.posneg
253	175	peak-files/dm/modERN/ENCFF433TRM.bed.gz	At100/dm/dsf/ENCFF433TRM.posneg
254	90	peak-files/dm/modERN/ENCFF953BJP.bed.gz	At100/dm/CG3032/ENCFF953BJP.posneg
255	186	peak-files/dm/modERN/ENCFF164WWT.bed.gz	At100/dm/esn/ENCFF164WWT.posneg
256	340	peak-files/dm/modERN/ENCFF972OON.bed.gz	At100/dm/Trl/ENCFF972OON.posneg
257	189	peak-files/dm/modERN/ENCFF423XAX.bed.gz	At100/dm/Esplm7-HLH/ENCFF423XAX.posneg
258	229	peak-files/dm/modERN/ENCFF274ZTV.bed.gz	At100/dm/HLH106/ENCFF274ZTV.posneg
259	11	peak-files/dm/modERN/ENCFF154NON.bed.gz	At100/dm/bab2/ENCFF154NON.posneg
260	183	peak-files/dm/modERN/ENCFF982SDT.bed.gz	At100/dm/ems/ENCFF982SDT.posneg
261	107	peak-files/dm/modERN/ENCFF250TYL.bed.gz	At100/dm/CG4282/ENCFF250TYL.posneg
262	195	peak-files/dm/modERN/ENCFF842LET.bed.gz	At100/dm/Ets97D/ENCFF842LET.posneg
263	172	peak-files/dm/modERN/ENCFF962CNO.bed.gz	At100/dm/dmrt99B/ENCFF962CNO.posneg
264	191	peak-files/dm/modERN/ENCFF247NLT.bed.gz	At100/dm/Esplmβ-HLH/ENCFF247NLT.posneg
265	281	peak-files/dm/modERN/ENCFF419DVZ.bed.gz	At100/dm/nom/ENCFF419DVZ.posneg
266	237	peak-files/dm/modERN/ENCFF825MJJ.bed.gz	At100/dm/Hr46/ENCFF825MJJ.posneg
267	111	peak-files/dm/modERN/ENCFF151TGF.bed.gz	At100/dm/CG4707/ENCFF151TGF.posneg
268	29	peak-files/dm/modERN/ENCFF029EVO.bed.gz	At100/dm/CG10267/ENCFF029EVO.posneg
269	294	peak-files/dm/modERN/ENCFF796WOX.bed.gz	At100/dm/PHDP/ENCFF796WOX.posneg
270	158	peak-files/dm/modERN/ENCFF743ABH.bed.gz	At100/dm/D1/ENCFF743ABH.posneg
271	205	peak-files/dm/modERN/ENCFF847DMA.bed.gz	At100/dm/fd85E/ENCFF847DMA.posneg
272	137	peak-files/dm/modERN/ENCFF325GHA.bed.gz	At100/dm/CG9139/ENCFF325GHA.posneg
273	155	peak-files/dm/modERN/ENCFF427ZVV.bed.gz	At100/dm/cwo/ENCFF427ZVV.posneg
274	236	peak-files/dm/modERN/ENCFF069DQE.bed.gz	At100/dm/Hr4/ENCFF069DQE.posneg
275	171	peak-files/dm/modERN/ENCFF539PBL.bed.gz	At100/dm/dmrt93B/ENCFF539PBL.posneg
276	262	peak-files/dm/modERN/ENCFF823ZLI.bed.gz	At100/dm/MESR4/ENCFF823ZLI.posneg
277	227	peak-files/dm/modERN/ENCFF910STC.bed.gz	At100/dm/HHEX/ENCFF910STC.posneg
278	43	peak-files/dm/modERN/ENCFF239YHI.bed.gz	At100/dm/CG12219/ENCFF239YHI.posneg
279	201	peak-files/dm/modERN/ENCFF932RYJ.bed.gz	At100/dm/fd102C/ENCFF932RYJ.posneg
280	14	peak-files/dm/modERN/ENCFF915KPO.bed.gz	At100/dm/B-H2/ENCFF915KPO.posneg
281	34	peak-files/dm/modERN/ENCFF548KCT.bed.gz	At100/dm/CG10565/ENCFF548KCT.posneg
282	238	peak-files/dm/modERN/ENCFF631TNU.bed.gz	At100/dm/Hr51/ENCFF631TNU.posneg
283	141	peak-files/dm/modERN/ENCFF508PWL.bed.gz	At100/dm/CG9797/ENCFF508PWL.posneg
284	347	peak-files/dm/modERN/ENCFF894MXI.bed.gz	At100/dm/vfl/ENCFF894MXI.posneg
285	176	peak-files/dm/modERN/ENCFF679JMM.bed.gz	At100/dm/dsx/ENCFF679JMM.posneg
286	244	peak-files/dm/modERN/ENCFF180LHH.bed.gz	At100/dm/ind/ENCFF180LHH.posneg
287	5	peak-files/dm/modERN/ENCFF060YZU.bed.gz	At100/dm/achi/ENCFF060YZU.posneg
288	127	peak-files/dm/modERN/ENCFF598JXU.bed.gz	At100/dm/CG7987/ENCFF598JXU.posneg
289	138	peak-files/dm/modERN/ENCFF565HZT.bed.gz	At100/dm/CG9437/ENCFF565HZT.posneg
290	220	peak-files/dm/modERN/ENCFF848BAO.bed.gz	At100/dm/grau/ENCFF848BAO.posneg
291	238	peak-files/dm/modERN/ENCFF185GRE.bed.gz	At100/dm/Hr51/ENCFF185GRE.posneg
292	301	peak-files/dm/modERN/ENCFF561KEC.bed.gz	At100/dm/pzg/ENCFF561KEC.posneg
293	218	peak-files/dm/modERN/ENCFF250YXS.bed.gz	At100/dm/gfzf/ENCFF250YXS.posneg
294	191	peak-files/dm/modERN/ENCFF814OVW.bed.gz	At100/dm/Esplmβ-HLH/ENCFF814OVW.posneg
295	266	peak-files/dm/modERN/ENCFF110TIS.bed.gz	At100/dm/Mnt/ENCFF110TIS.posneg
296	267	peak-files/dm/modERN/ENCFF412VYJ.bed.gz	At100/dm/modmdg4/ENCFF412VYJ.posneg
297	310	peak-files/dm/modERN/ENCFF770JYR.bed.gz	At100/dm/scrt/ENCFF770JYR.posneg
298	181	peak-files/dm/modERN/ENCFF221SOC.bed.gz	At100/dm/Eip93F/ENCFF221SOC.posneg
299	79	peak-files/dm/modERN/ENCFF565UBS.bed.gz	At100/dm/CG18262/ENCFF565UBS.posneg
300	291	peak-files/dm/modERN/ENCFF757XFT.bed.gz	At100/dm/pdm3/ENCFF757XFT.posneg
301	211	peak-files/dm/modERN/ENCFF546RHW.bed.gz	At100/dm/fru/ENCFF546RHW.posneg
302	110	peak-files/dm/modERN/ENCFF765SPJ.bed.gz	At100/dm/CG4424/ENCFF765SPJ.posneg
303	320	peak-files/dm/modERN/ENCFF343LZT.bed.gz	At100/dm/Sox14/ENCFF343LZT.posneg
304	276	peak-files/dm/modERN/ENCFF919JDR.bed.gz	At100/dm/NfI/ENCFF919JDR.posneg
305	76	peak-files/dm/modERN/ENCFF651AYT.bed.gz	At100/dm/CG17912/ENCFF651AYT.posneg
306	274	peak-files/dm/modERN/ENCFF539ATG.bed.gz	At100/dm/net/ENCFF539ATG.posneg
307	18	peak-files/dm/modERN/ENCFF827AXW.bed.gz	At100/dm/brk/ENCFF827AXW.posneg
308	60	peak-files/dm/modERN/ENCFF634YIZ.bed.gz	At100/dm/CG15073/ENCFF634YIZ.posneg
309	231	peak-files/dm/modERN/ENCFF328PCV.bed.gz	At100/dm/HLHmδ/ENCFF328PCV.posneg
310	84	peak-files/dm/modERN/ENCFF816GGH.bed.gz	At100/dm/CG2116/ENCFF816GGH.posneg
311	46	peak-files/dm/modERN/ENCFF097FNP.bed.gz	At100/dm/CG1233/ENCFF097FNP.posneg
312	322	peak-files/dm/modERN/ENCFF267MOT.bed.gz	At100/dm/Sp1/ENCFF267MOT.posneg
313	73	peak-files/dm/modERN/ENCFF470TDZ.bed.gz	At100/dm/CG17802/ENCFF470TDZ.posneg
314	103	peak-files/dm/modERN/ENCFF658JCK.bed.gz	At100/dm/CG34376/ENCFF658JCK.posneg
315	52	peak-files/dm/modERN/ENCFF186LXG.bed.gz	At100/dm/CG13424/ENCFF186LXG.posneg
316	128	peak-files/dm/modERN/ENCFF144TVZ.bed.gz	At100/dm/CG8089/ENCFF144TVZ.posneg
317	57	peak-files/dm/modERN/ENCFF641FRQ.bed.gz	At100/dm/CG14710/ENCFF641FRQ.posneg
318	345	peak-files/dm/modERN/ENCFF739TEK.bed.gz	At100/dm/Usf/ENCFF739TEK.posneg
319	26	peak-files/dm/modERN/ENCFF619NUF.bed.gz	At100/dm/cg/ENCFF619NUF.posneg
320	300	peak-files/dm/modERN/ENCFF363ZZQ.bed.gz	At100/dm/pros/ENCFF363ZZQ.posneg
321	232	peak-files/dm/modERN/ENCFF434KNT.bed.gz	At100/dm/HmgD/ENCFF434KNT.posneg
322	136	peak-files/dm/modERN/ENCFF061FXA.bed.gz	At100/dm/CG8944/ENCFF061FXA.posneg
323	64	peak-files/dm/modERN/ENCFF681NAI.bed.gz	At100/dm/CG15696/ENCFF681NAI.posneg
324	318	peak-files/dm/modERN/ENCFF148DCA.bed.gz	At100/dm/slp2/ENCFF148DCA.posneg
325	66	peak-files/dm/modERN/ENCFF816LUA.bed.gz	At100/dm/CG1603/ENCFF816LUA.posneg
326	48	peak-files/dm/modERN/ENCFF160SDR.bed.gz	At100/dm/CG12769/ENCFF160SDR.posneg
327	242	peak-files/dm/modERN/ENCFF531YVL.bed.gz	At100/dm/Hsf/ENCFF531YVL.posneg
328	69	peak-files/dm/modERN/ENCFF042RUT.bed.gz	At100/dm/CG16863/ENCFF042RUT.posneg
329	177	peak-files/dm/modERN/ENCFF101AJI.bed.gz	At100/dm/EcR/ENCFF101AJI.posneg
330	42	peak-files/dm/modERN/ENCFF876TYA.bed.gz	At100/dm/CG12071/ENCFF876TYA.posneg
331	265	peak-files/dm/modERN/ENCFF289GYP.bed.gz	At100/dm/mirr/ENCFF289GYP.posneg
332	101	peak-files/dm/modERN/ENCFF016AVO.bed.gz	At100/dm/CG3407/ENCFF016AVO.posneg
333	77	peak-files/dm/modERN/ENCFF176EQP.bed.gz	At100/dm/CG1792/ENCFF176EQP.posneg
334	144	peak-files/dm/modERN/ENCFF166RHN.bed.gz	At100/dm/CHES-1-like/ENCFF166RHN.posneg
335	298	peak-files/dm/modERN/ENCFF601ABX.bed.gz	At100/dm/pnt/ENCFF601ABX.posneg
336	10	peak-files/dm/modERN/ENCFF506HQQ.bed.gz	At100/dm/bab1/ENCFF506HQQ.posneg
337	114	peak-files/dm/modERN/ENCFF895AVT.bed.gz	At100/dm/CG5204/ENCFF895AVT.posneg
338	100	peak-files/dm/modERN/ENCFF700EMX.bed.gz	At100/dm/CG33557/ENCFF700EMX.posneg
339	215	peak-files/dm/modERN/ENCFF898EQO.bed.gz	At100/dm/gcm/ENCFF898EQO.posneg
340	253	peak-files/dm/modERN/ENCFF742LVH.bed.gz	At100/dm/lola/ENCFF742LVH.posneg
341	337	peak-files/dm/modERN/ENCFF597SEX.bed.gz	At100/dm/tll/ENCFF597SEX.posneg
342	278	peak-files/dm/modERN/ENCFF703AHS.bed.gz	At100/dm/Nf-YC/ENCFF703AHS.posneg
343	40	peak-files/dm/modERN/ENCFF195BCQ.bed.gz	At100/dm/CG11762/ENCFF195BCQ.posneg
344	321	peak-files/dm/modERN/ENCFF352QAJ.bed.gz	At100/dm/Sox15/ENCFF352QAJ.posneg
345	152	peak-files/dm/modERN/ENCFF163GOO.bed.gz	At100/dm/Crg-1/ENCFF163GOO.posneg
346	210	peak-files/dm/modERN/ENCFF939PJL.bed.gz	At100/dm/foxo/ENCFF939PJL.posneg
347	316	peak-files/dm/modERN/ENCFF820GXU.bed.gz	At100/dm/Six4/ENCFF820GXU.posneg
348	35	peak-files/dm/modERN/ENCFF527SAZ.bed.gz	At100/dm/CG10654/ENCFF527SAZ.posneg
349	178	peak-files/dm/modERN/ENCFF422SIJ.bed.gz	At100/dm/Eip74EF/ENCFF422SIJ.posneg
350	71	peak-files/dm/modERN/ENCFF071SFB.bed.gz	At100/dm/CG17359/ENCFF071SFB.posneg
351	222	peak-files/dm/modERN/ENCFF148ZVZ.bed.gz	At100/dm/gsb-n/ENCFF148ZVZ.posneg
352	202	peak-files/dm/modERN/ENCFF007ZEZ.bed.gz	At100/dm/fd3F/ENCFF007ZEZ.posneg
353	142	peak-files/dm/modERN/ENCFF892ONF.bed.gz	At100/dm/CG9817/ENCFF892ONF.posneg
354	45	peak-files/dm/modERN/ENCFF356UHL.bed.gz	At100/dm/CG12299/ENCFF356UHL.posneg
355	86	peak-files/dm/modERN/ENCFF308ZER.bed.gz	At100/dm/CG2202/ENCFF308ZER.posneg
356	133	peak-files/dm/modERN/ENCFF761HCV.bed.gz	At100/dm/CG8388/ENCFF761HCV.posneg
357	19	peak-files/dm/modERN/ENCFF528TAF.bed.gz	At100/dm/bsh/ENCFF528TAF.posneg
358	204	peak-files/dm/modERN/ENCFF924RRD.bed.gz	At100/dm/fd64A/ENCFF924RRD.posneg
359	51	peak-files/dm/modERN/ENCFF398LRM.bed.gz	At100/dm/CG13204/ENCFF398LRM.posneg
360	351	peak-files/dm/modERN/ENCFF442EIL.bed.gz	At100/dm/wek/ENCFF442EIL.posneg
361	59	peak-files/dm/modERN/ENCFF977XMW.bed.gz	At100/dm/CG15011/ENCFF977XMW.posneg
362	173	peak-files/dm/modERN/ENCFF101MSP.bed.gz	At100/dm/Dp/ENCFF101MSP.posneg
363	24	peak-files/dm/modERN/ENCFF767KNY.bed.gz	At100/dm/Camta/ENCFF767KNY.posneg
364	277	peak-files/dm/modERN/ENCFF263LLY.bed.gz	At100/dm/Nf-YB/ENCFF263LLY.posneg
365	241	peak-files/dm/modERN/ENCFF323PJT.bed.gz	At100/dm/Hr96/ENCFF323PJT.posneg
366	338	peak-files/dm/modERN/ENCFF341GPU.bed.gz	At100/dm/toe/ENCFF341GPU.posneg
367	269	peak-files/dm/modERN/ENCFF087NOZ.bed.gz	At100/dm/Myb/ENCFF087NOZ.posneg
368	27	peak-files/dm/modERN/ENCFF569QEB.bed.gz	At100/dm/CG10147/ENCFF569QEB.posneg
369	235	peak-files/dm/modERN/ENCFF040FQS.bed.gz	At100/dm/Hr39/ENCFF040FQS.posneg
370	112	peak-files/dm/modERN/ENCFF357EFX.bed.gz	At100/dm/CG4820/ENCFF357EFX.posneg
371	208	peak-files/dm/modERN/ENCFF602DII.bed.gz	At100/dm/Fer3/ENCFF602DII.posneg
372	182	peak-files/dm/modERN/ENCFF648COE.bed.gz	At100/dm/Elba2/ENCFF648COE.posneg
373	327	peak-files/dm/modERN/ENCFF484XIW.bed.gz	At100/dm/Stat92E/ENCFF484XIW.posneg
374	217	peak-files/dm/modERN/ENCFF861KLL.bed.gz	At100/dm/gem/ENCFF861KLL.posneg
375	346	peak-files/dm/modERN/ENCFF922NXU.bed.gz	At100/dm/usp/ENCFF922NXU.posneg
376	93	peak-files/dm/modERN/ENCFF325UHA.bed.gz	At100/dm/CG3065/ENCFF325UHA.posneg
377	104	peak-files/dm/modERN/ENCFF248QFM.bed.gz	At100/dm/CG34406/ENCFF248QFM.posneg
378	106	peak-files/dm/modERN/ENCFF690LYQ.bed.gz	At100/dm/CG3995/ENCFF690LYQ.posneg
379	41	peak-files/dm/modERN/ENCFF408JZT.bed.gz	At100/dm/CG11902/ENCFF408JZT.posneg
380	95	peak-files/dm/modERN/ENCFF812AMG.bed.gz	At100/dm/CG31388/ENCFF812AMG.posneg
381	319	peak-files/dm/modERN/ENCFF799UIH.bed.gz	At100/dm/Smox/ENCFF799UIH.posneg
382	193	peak-files/dm/modERN/ENCFF937RLN.bed.gz	At100/dm/Ets21C/ENCFF937RLN.posneg
383	85	peak-files/dm/modERN/ENCFF849LEC.bed.gz	At100/dm/CG2120/ENCFF849LEC.posneg
384	139	peak-files/dm/modERN/ENCFF308OHV.bed.gz	At100/dm/CG9609/ENCFF308OHV.posneg
385	304	peak-files/dm/modERN/ENCFF639EBZ.bed.gz	At100/dm/rgr/ENCFF639EBZ.posneg
386	174	peak-files/dm/modERN/ENCFF016EDE.bed.gz	At100/dm/dpn/ENCFF016EDE.posneg
387	353	peak-files/dm/modERN/ENCFF107DOK.bed.gz	At100/dm/Xbp1/ENCFF107DOK.posneg
388	305	peak-files/dm/modERN/ENCFF102AJD.bed.gz	At100/dm/run/ENCFF102AJD.posneg
389	344	peak-files/dm/modERN/ENCFF588FVZ.bed.gz	At100/dm/unpg/ENCFF588FVZ.posneg
390	131	peak-files/dm/modERN/ENCFF441AFD.bed.gz	At100/dm/CG8319/ENCFF441AFD.posneg
391	123	peak-files/dm/modERN/ENCFF291ITU.bed.gz	At100/dm/CG7368/ENCFF291ITU.posneg
392	115	peak-files/dm/modERN/ENCFF318OKO.bed.gz	At100/dm/CG5245/ENCFF318OKO.posneg
393	187	peak-files/dm/modERN/ENCFF571STC.bed.gz	At100/dm/Esplm3-HLH/ENCFF571STC.posneg
394	180	peak-files/dm/modERN/ENCFF277KTG.bed.gz	At100/dm/Eip78C/ENCFF277KTG.posneg
395	188	peak-files/dm/modERN/ENCFF638OVH.bed.gz	At100/dm/Esplm5-HLH/ENCFF638OVH.posneg
396	282	peak-files/dm/modERN/ENCFF910NPG.bed.gz	At100/dm/oc/ENCFF910NPG.posneg
397	55	peak-files/dm/modERN/ENCFF650YEL.bed.gz	At100/dm/CG13894/ENCFF650YEL.posneg
398	62	peak-files/dm/modERN/ENCFF986EKN.bed.gz	At100/dm/CG1529/ENCFF986EKN.posneg
399	273	peak-files/dm/modERN/ENCFF390CIX.bed.gz	At100/dm/NC2α/ENCFF390CIX.posneg
400	200	peak-files/dm/modERN/ENCFF192QZI.bed.gz	At100/dm/eyg/ENCFF192QZI.posneg
401	233	peak-files/dm/modERN/ENCFF074NWW.bed.gz	At100/dm/Hmx/ENCFF074NWW.posneg
402	221	peak-files/dm/modERN/ENCFF015BOI.bed.gz	At100/dm/grn/ENCFF015BOI.posneg
403	315	peak-files/dm/modERN/ENCFF087YEA.bed.gz	At100/dm/sima/ENCFF087YEA.posneg
404	143	peak-files/dm/modERN/ENCFF735INH.bed.gz	At100/dm/CG9876/ENCFF735INH.posneg
405	198	peak-files/dm/modERN/ENCFF932JUB.bed.gz	At100/dm/exex/ENCFF932JUB.posneg
406	16	peak-files/dm/modERN/ENCFF322BYQ.bed.gz	At100/dm/Blimp-1/ENCFF322BYQ.posneg
407	74	peak-files/dm/modERN/ENCFF440RYZ.bed.gz	At100/dm/CG17806/ENCFF440RYZ.posneg
408	192	peak-files/dm/modERN/ENCFF318MOC.bed.gz	At100/dm/Esplmγ-HLH/ENCFF318MOC.posneg
409	49	peak-files/dm/modERN/ENCFF905ZFF.bed.gz	At100/dm/CG12942/ENCFF905ZFF.posneg
410	307	peak-files/dm/modERN/ENCFF092HTT.bed.gz	At100/dm/salr/ENCFF092HTT.posneg
411	87	peak-files/dm/modERN/ENCFF912TQD.bed.gz	At100/dm/CG2678/ENCFF912TQD.posneg
412	8	peak-files/dm/modERN/ENCFF854XZI.bed.gz	At100/dm/Atf3/ENCFF854XZI.posneg
413	279	peak-files/dm/modERN/ENCFF788IJB.bed.gz	At100/dm/NK7.1/ENCFF788IJB.posneg
414	169	peak-files/dm/modERN/ENCFF327QOB.bed.gz	At100/dm/dm/ENCFF327QOB.posneg
415	239	peak-files/dm/modERN/ENCFF442URR.bed.gz	At100/dm/Hr78/ENCFF442URR.posneg
416	190	peak-files/dm/modERN/ENCFF074INK.bed.gz	At100/dm/Esplm8-HLH/ENCFF074INK.posneg
417	253	peak-files/dm/modERN/ENCFF275OIZ.bed.gz	At100/dm/lola/ENCFF275OIZ.posneg
418	37	peak-files/dm/modERN/ENCFF731KRI.bed.gz	At100/dm/CG11398/ENCFF731KRI.posneg
