"1";"retn";"dri, dead ringer, l(2)02535, Dead Ringer/Retain";"ARID-TF";"7227"
"2";"ac";"Hw, T5, AS-C T5, EG:125H10.3, achaete-scute";"BHLH";"7227"
"3";"amos";"Tft, Roi";"BHLH";"7227"
"4";"ase";"T1a, EG:165H7.2, T8, AS-C T8";"BHLH";"7227"
"5";"ato";"-";"BHLH";"7227"
"6";"bigmax";"mlx";"BHLH";"7227"
"7";"cato";"-";"BHLH";"7227"
"8";"CG33557";"-";"BHLH";"7227"
"9";"Clk";"dClk, dClock, Jrk";"BHLH";"7227"
"10";"crp";"dAP-4, l(2)35Fd, BG:DS02740.3, AP-4";"BHLH";"7227"
"11";"cwo";"-";"BHLH";"7227"
"12";"cyc";"dbmal1, Bmal1, dCYC";"BHLH";"7227"
"13";"da";"-";"BHLH";"7227"
"14";"dimm";"Mistr, c929";"BHLH";"7227"
"15";"dpn";"44C";"BHLH";"7227"
"16";"dysf";"dys, cranky, dNXFL";"BHLH";"7227"
"17";"E(spl)m3-HLH";"m3, E(spl)m3, HLHm3, E(spl)C m3, E(spl)-m3";"BHLH";"7227"
"18";"E(spl)m5-HLH";"m5, E(spl)m5, HLHm5, HLH-m5, E(spl) region transcript m5";"BHLH";"7227"
"19";"E(spl)m7-HLH";"m7, E(spl)m7, HLHm7, E(spl) region transcript m7, E(spl)-m7";"BHLH";"7227"
"20";"E(spl)m8-HLH";"m8, E(spl)m8, E(spl), Enhancer of split, E(spl)-m8";"BHLH";"7227"
"21";"E(spl)mβ-HLH";"E(spl)mβ, mβ, HLHmβ, HLHmbeta, E(spl)mbeta";"BHLH";"7227"
"22";"E(spl)mδ-HLH";"mδ, E(spl)mδ, HLHmdelta, HLHmδ, E(spl)mdelta";"BHLH";"7227"
"23";"E(spl)mγ-HLH";"mγ, E(spl)mγ, HLHmγ, HLHmgamma, E(spl) region transcript mγ";"BHLH";"7227"
"24";"emc";"ms(3)61CD, l(3)05592, extramacrochaete, gov, Ach";"BHLH";"7227"
"25";"Fer1";"-";"BHLH";"7227"
"26";"Fer2";"-";"BHLH";"7227"
"27";"Fer3";"nephew of atonal 3";"BHLH";"7227"
"28";"gce";"germ-cell expressed, Germ cell-expressed";"BHLH";"7227"
"29";"h";"l(3)08247";"BHLH";"7227"
"30";"Hand";"dHand, hand-C";"BHLH";"7227"
"31";"Hesr";"Her";"BHLH";"7227"
"32";"Hey";"Hesr-1";"BHLH";"7227"
"33";"HLH3B";"EG:155E2.2";"BHLH";"7227"
"34";"HLH4C";"-";"BHLH";"7227"
"35";"HLH54F";"bHLH54F";"BHLH";"7227"
"36";"kn";"col, collier, knotted, collier/knot";"BHLH";"7227"
"37";"l(1)sc";"l'sc, T3, AS-C T3, lsc, EG:198A6.2";"BHLH";"7227"
"38";"Max";"dMax";"BHLH";"7227"
"39";"Met";"Rst(1)JH, Resistance to Juvenile Hormone, DmMet";"BHLH";"7227"
"40";"Mitf";"TFEB";"BHLH";"7227"
"41";"Mnt";"dMnt, dMad, Mad, Mad-3E, EG:114E2.2";"BHLH";"7227"
"42";"Mondo";"Mio, ChREBP, Mlx interactor";"BHLH";"7227"
"43";"Myc";"dMyc, dm, diminutive, d-myc, dmyc1";"BHLH";"7227"
"44";"nau";"MyoD, Dmyd";"BHLH";"7227"
"45";"net";"-";"BHLH";"7227"
"46";"Oli";"Doli";"BHLH";"7227"
"47";"sage";"-";"BHLH";"7227"
"48";"sc";"sis-b, sisB, T4, Hw, DROACS2";"BHLH";"7227"
"49";"Sidpn";"Side";"BHLH";"7227"
"50";"sim";"S8, l(3)S8, shm";"BHLH";"7227"
"51";"sima";"HIF-1α, l(3)j11B7, HIF-1, HIF1A, Hif1α";"BHLH";"7227"
"52";"SREBP";"dSREBP, HLH106, l(3)76BDw, SREBF1, Helix loop helix protein 106";"BHLH";"7227"
"53";"ss";"aristapedia";"BHLH";"7227"
"54";"tai";"l(2)01351, l(2)k05809, DAIB1, l(2)k05802";"BHLH";"7227"
"55";"tap";"biparous, bps";"BHLH";"7227"
"56";"tgo";"dARNT, ARNT, jaywalker, HIF-1";"BHLH";"7227"
"57";"trh";"l(3)10512";"BHLH";"7227"
"58";"twi";"-";"BHLH";"7227"
"59";"tx";"dei, delilah, del";"BHLH";"7227"
"60";"Usf";"dUSF";"BHLH";"7227"
"61";"Atf-2";"ATF2, dATF-2, dATF2";"BZIP";"7227"
"62";"Atf3";"A3-3, EG:33C11.1, dATF3";"BZIP";"7227"
"63";"Atf6";"-";"BZIP";"7227"
"64";"CG7786";"-";"BZIP";"7227"
"65";"cnc";"Nrf2, CncC, cap and collar, Cap 'n' collar, l(3)03921";"BZIP";"7227"
"66";"crc";"ATF4, l(2)crc, dATF4, ATF-4";"BZIP";"7227"
"67";"CrebA";"dCREB-A, CREB, BBF-2, dCREBA, Creb-A";"BZIP";"7227"
"68";"CrebB";"dCREB2, CREB, CrebB-17A, dCREB2-b, dCREB2-a";"BZIP";"7227"
"69";"gt";"EG:BACH7M4.5";"BZIP";"7227"
"70";"Irbp18";"-";"BZIP";"7227"
"71";"Jra";"jun, Djun, D-Jun, AP-1, c-Jun";"BZIP";"7227"
"72";"kay";"Fos, Dfos, AP-1, D-Fos, AP1";"BZIP";"7227"
"73";"maf-S";"maf2";"BZIP";"7227"
"74";"Pdp1";"Pdp1ε, pdp, Pdp-1, Pdp1e, Par domain protein 1ε";"BZIP";"7227"
"75";"REPTOR";"-";"BZIP";"7227"
"76";"REPTOR-BP";"-";"BZIP";"7227"
"77";"sisA";"sis-a, sis a";"BZIP";"7227"
"78";"slbo";"C/EBP, DmC/EBP, slobo";"BZIP";"7227"
"79";"tj";"maf1";"BZIP";"7227"
"80";"vri";"jf23";"BZIP";"7227"
"81";"Xbp1";"l(2)k13803, xbp-1";"BZIP";"7227"
"82";"ab";"clu, clueless";"ZF-C2H2";"7227"
"83";"Aef1";"AEF-1";"ZF-C2H2";"7227"
"84";"Asciz";"dASCIZ";"ZF-C2H2";"7227"
"85";"ATbp";"-";"ZF-C2H2";"7227"
"86";"az2";"-";"ZF-C2H2";"7227"
"87";"Blimp-1";"dBlimp-1, dBlimp1";"ZF-C2H2";"7227"
"88";"bowl";"bowel, Su(tor)2-1";"ZF-C2H2";"7227"
"89";"br";"BR-C, Broad Complex, ecs, rbp, npr1";"ZF-C2H2";"7227"
"90";"Br140";"-";"ZF-C2H2";"7227"
"91";"btd";"-";"ZF-C2H2";"7227"
"92";"BuGZ";"lincRNA.S1359, Dm_2L:87597";"ZF-C2H2";"7227"
"93";"cas";"ming, l(3)neo33";"ZF-C2H2";"7227"
"94";"cbt";"EP2237, dTIEG";"ZF-C2H2";"7227"
"95";"Cf2";"-";"ZF-C2H2";"7227"
"96";"cg";"mig, l(2)07659";"ZF-C2H2";"7227"
"97";"CG1024";"-";"ZF-C2H2";"7227"
"98";"CG1233";"-";"ZF-C2H2";"7227"
"99";"CG1529";"-";"ZF-C2H2";"7227"
"100";"CG1602";"-";"ZF-C2H2";"7227"
"101";"CG1603";"-";"ZF-C2H2";"7227"
"102";"CG1647";"-";"ZF-C2H2";"7227"
"103";"CG1663";"-";"ZF-C2H2";"7227"
"104";"CG1792";"-";"ZF-C2H2";"7227"
"105";"CG2116";"-";"ZF-C2H2";"7227"
"106";"CG2120";"-";"ZF-C2H2";"7227"
"107";"CG2129";"-";"ZF-C2H2";"7227"
"108";"CG2199";"-";"ZF-C2H2";"7227"
"109";"CG2202";"-";"ZF-C2H2";"7227"
"110";"CG2678";"-";"ZF-C2H2";"7227"
"111";"CG2712";"EG:95B7.7, anon-3Be";"ZF-C2H2";"7227"
"112";"CG2889";"-";"ZF-C2H2";"7227"
"113";"CG3032";"-";"ZF-C2H2";"7227"
"114";"CG3065";"-";"ZF-C2H2";"7227"
"115";"CG3281";"anon-87Aa, 87A7-9/1";"ZF-C2H2";"7227"
"116";"CG3407";"-";"ZF-C2H2";"7227"
"117";"CG3847";"-";"ZF-C2H2";"7227"
"118";"CG3995";"-";"ZF-C2H2";"7227"
"119";"CG4282";"-";"ZF-C2H2";"7227"
"120";"CG4318";"-";"ZF-C2H2";"7227"
"121";"CG4360";"-";"ZF-C2H2";"7227"
"122";"CG4374";"-";"ZF-C2H2";"7227"
"123";"CG4424";"-";"ZF-C2H2";"7227"
"124";"CG4496";"-";"ZF-C2H2";"7227"
"125";"CG4707";"-";"ZF-C2H2";"7227"
"126";"CG4730";"-";"ZF-C2H2";"7227"
"127";"CG4820";"-";"ZF-C2H2";"7227"
"128";"CG4854";"-";"ZF-C2H2";"7227"
"129";"CG4936";"-";"ZF-C2H2";"7227"
"130";"CG5245";"-";"ZF-C2H2";"7227"
"131";"CG6254";"-";"ZF-C2H2";"7227"
"132";"CG6654";"-";"ZF-C2H2";"7227"
"133";"CG6689";"-";"ZF-C2H2";"7227"
"134";"CG6765";"-";"ZF-C2H2";"7227"
"135";"CG6791";"-";"ZF-C2H2";"7227"
"136";"CG6808";"-";"ZF-C2H2";"7227"
"137";"CG6813";"-";"ZF-C2H2";"7227"
"138";"CG7101";"-";"ZF-C2H2";"7227"
"139";"CG7271";"-";"ZF-C2H2";"7227"
"140";"CG7368";"-";"ZF-C2H2";"7227"
"141";"CG7386";"-";"ZF-C2H2";"7227"
"142";"CG7691";"-";"ZF-C2H2";"7227"
"143";"CG7963";"-";"ZF-C2H2";"7227"
"144";"CG7987";"-";"ZF-C2H2";"7227"
"145";"CG8089";"-";"ZF-C2H2";"7227"
"146";"CG8159";"-";"ZF-C2H2";"7227"
"147";"CG8301";"-";"ZF-C2H2";"7227"
"148";"CG8319";"-";"ZF-C2H2";"7227"
"149";"CG8388";"-";"ZF-C2H2";"7227"
"150";"CG8478";"-";"ZF-C2H2";"7227"
"151";"CG8944";"-";"ZF-C2H2";"7227"
"152";"CG9215";"-";"ZF-C2H2";"7227"
"153";"CG9609";"-";"ZF-C2H2";"7227"
"154";"CG9650";"-";"ZF-C2H2";"7227"
"155";"CG9890";"-";"ZF-C2H2";"7227"
"156";"CG9932";"-";"ZF-C2H2";"7227"
"157";"CG10147";"-";"ZF-C2H2";"7227"
"158";"CG10274";"-";"ZF-C2H2";"7227"
"159";"CG10321";"-";"ZF-C2H2";"7227"
"160";"CG10348";"lincRNA.186";"ZF-C2H2";"7227"
"161";"CG10366";"-";"ZF-C2H2";"7227"
"162";"CG10431";"-";"ZF-C2H2";"7227"
"163";"CG10462";"-";"ZF-C2H2";"7227"
"164";"CG10543";"-";"ZF-C2H2";"7227"
"165";"CG10631";"-";"ZF-C2H2";"7227"
"166";"CG10654";"-";"ZF-C2H2";"7227"
"167";"CG10669";"-";"ZF-C2H2";"7227"
"168";"CG10959";"-";"ZF-C2H2";"7227"
"169";"CG10979";"-";"ZF-C2H2";"7227"
"170";"CG11247";"-";"ZF-C2H2";"7227"
"171";"CG11398";"EG:BACR42I17.11";"ZF-C2H2";"7227"
"172";"CG11456";"-";"ZF-C2H2";"7227"
"173";"CG11560";"-";"ZF-C2H2";"7227"
"174";"CG11695";"-";"ZF-C2H2";"7227"
"175";"CG11696";"-";"ZF-C2H2";"7227"
"176";"CG11902";"-";"ZF-C2H2";"7227"
"177";"CG11906";"-";"ZF-C2H2";"7227"
"178";"CG12054";"-";"ZF-C2H2";"7227"
"179";"CG12071";"-";"ZF-C2H2";"7227"
"180";"CG12219";"BEST:LD26135";"ZF-C2H2";"7227"
"181";"CG12236";"-";"ZF-C2H2";"7227"
"182";"CG12299";"-";"ZF-C2H2";"7227"
"183";"CG12391";"-";"ZF-C2H2";"7227"
"184";"CG12605";"-";"ZF-C2H2";"7227"
"185";"CG12744";"-";"ZF-C2H2";"7227"
"186";"CG12769";"-";"ZF-C2H2";"7227"
"187";"CG12942";"-";"ZF-C2H2";"7227"
"188";"CG13123";"-";"ZF-C2H2";"7227"
"189";"CG13287";"-";"ZF-C2H2";"7227"
"190";"CG13617";"-";"ZF-C2H2";"7227"
"191";"CG13775";"-";"ZF-C2H2";"7227"
"192";"CG14050";"EG:BACH48C10.1";"ZF-C2H2";"7227"
"193";"CG14441";"-";"ZF-C2H2";"7227"
"194";"CG14655";"-";"ZF-C2H2";"7227"
"195";"CG14667";"-";"ZF-C2H2";"7227"
"196";"CG14710";"-";"ZF-C2H2";"7227"
"197";"CG14711";"-";"ZF-C2H2";"7227"
"198";"CG15073";"-";"ZF-C2H2";"7227"
"199";"CG15269";"BG:DS04929.3";"ZF-C2H2";"7227"
"200";"CG15336";"-";"ZF-C2H2";"7227"
"201";"CG15435";"-";"ZF-C2H2";"7227"
"202";"CG15436";"-";"ZF-C2H2";"7227"
"203";"CG15514";"-";"ZF-C2H2";"7227"
"204";"CG15710";"-";"ZF-C2H2";"7227"
"205";"CG16779";"-";"ZF-C2H2";"7227"
"206";"CG16863";"BG:DS00797.6";"ZF-C2H2";"7227"
"207";"CG17186";"-";"ZF-C2H2";"7227"
"208";"CG17328";"BG:DS02740.8, DS02740.8";"ZF-C2H2";"7227"
"209";"CG17359";"-";"ZF-C2H2";"7227"
"210";"CG17361";"-";"ZF-C2H2";"7227"
"211";"CG17385";"-";"ZF-C2H2";"7227"
"212";"CG17568";"-";"ZF-C2H2";"7227"
"213";"CG17612";"-";"ZF-C2H2";"7227"
"214";"CG17801";"-";"ZF-C2H2";"7227"
"215";"CG17802";"-";"ZF-C2H2";"7227"
"216";"CG17803";"-";"ZF-C2H2";"7227"
"217";"CG17806";"-";"ZF-C2H2";"7227"
"218";"CG17829";"EG:115C2.6";"ZF-C2H2";"7227"
"219";"CG18011";"-";"ZF-C2H2";"7227"
"220";"CG18262";"-";"ZF-C2H2";"7227"
"221";"CG18265";"-";"ZF-C2H2";"7227"
"222";"CG18476";"-";"ZF-C2H2";"7227"
"223";"CG18764";"-";"ZF-C2H2";"7227"
"224";"CG30020";"p190";"ZF-C2H2";"7227"
"225";"CG30431";"-";"ZF-C2H2";"7227"
"226";"CG31224";"-";"ZF-C2H2";"7227"
"227";"CG31365";"-";"ZF-C2H2";"7227"
"228";"CG31388";"-";"ZF-C2H2";"7227"
"229";"CG31441";"-";"ZF-C2H2";"7227"
"230";"CG31612";"-";"ZF-C2H2";"7227"
"231";"CG32121";"-";"ZF-C2H2";"7227"
"232";"CG32767";"-";"ZF-C2H2";"7227"
"233";"CG33213";"-";"ZF-C2H2";"7227"
"234";"CG34376";"-";"ZF-C2H2";"7227"
"235";"CG42726";"-";"ZF-C2H2";"7227"
"236";"CG42741";"-";"ZF-C2H2";"7227"
"237";"CG43347";"-";"ZF-C2H2";"7227"
"238";"CG43689";"-";"ZF-C2H2";"7227"
"239";"CG44002";"-";"ZF-C2H2";"7227"
"240";"chinmo";"-";"ZF-C2H2";"7227"
"241";"chn";"l(2)02064";"ZF-C2H2";"7227"
"242";"ci";"l(4)17, ciD, CID, ci-D, l(4)13";"ZF-C2H2";"7227"
"243";"CkIIα-i1";"-";"ZF-C2H2";"7227"
"244";"Clamp";"-";"ZF-C2H2";"7227"
"245";"Cp190";"Rb188, DMAP190, Cen190, CP-190, Bx63";"ZF-C2H2";"7227"
"246";"crol";"-";"ZF-C2H2";"7227"
"247";"CTCF";"dCTCF, CCCTC-binding factor";"ZF-C2H2";"7227"
"248";"D19A";"-";"ZF-C2H2";"7227"
"249";"D19B";"-";"ZF-C2H2";"7227"
"250";"dar1";"-";"ZF-C2H2";"7227"
"251";"dati";"Lin29";"ZF-C2H2";"7227"
"252";"dbr";"EP456, BcDNA:LD26519";"ZF-C2H2";"7227"
"253";"disco";"-";"ZF-C2H2";"7227"
"254";"disco-r";"bae, batone";"ZF-C2H2";"7227"
"255";"Dlip1";"dip1";"ZF-C2H2";"7227"
"256";"Dref";"DRE-binding factor, dDREF, DNA replication-related element-binding factor, DNA replication-related element binding factor";"ZF-C2H2";"7227"
"257";"drm";"drum";"ZF-C2H2";"7227"
"258";"dwg";"zw5, l(1)zw5, zw-5, EG:95B7.6, zeste-white 5";"ZF-C2H2";"7227"
"259";"erm";"dFezf, dfezl";"ZF-C2H2";"7227"
"260";"esg";"l(2)35Ce, dgl, l(2)br43, Fusion-1, fleabag";"ZF-C2H2";"7227"
"261";"fru";"satori, sat, BTB-VI";"ZF-C2H2";"7227"
"262";"gl";"none";"ZF-C2H2";"7227"
"263";"Glut4EF";"stretch, stretched out, BcDNA:GH25505, BcDNA:GM06804";"ZF-C2H2";"7227"
"264";"grau";"-";"ZF-C2H2";"7227"
"265";"ham";"-";"ZF-C2H2";"7227"
"266";"hang";"BcDNA:LD22118";"ZF-C2H2";"7227"
"267";"hb";"Rg-pbx";"ZF-C2H2";"7227"
"268";"her";"l(2)mat";"ZF-C2H2";"7227"
"269";"hkb";"gurt, gurtelchen";"ZF-C2H2";"7227"
"270";"ich";"ichorous";"ZF-C2H2";"7227"
"271";"jim";"ovfc.K, ovk";"ZF-C2H2";"7227"
"272";"jing";"1.28, l(2)01094, l(2)22F3, rhumba";"ZF-C2H2";"7227"
"273";"Kah";"-";"ZF-C2H2";"7227"
"274";"ken";"Ken & Barbie, okina, ok";"ZF-C2H2";"7227"
"275";"Klf15";"Bteb2";"ZF-C2H2";"7227"
"276";"klu";"l(3)09036, l(3)10052";"ZF-C2H2";"7227"
"277";"kmg";"-";"ZF-C2H2";"7227"
"278";"Kr";"If";"ZF-C2H2";"7227"
"279";"Kr-h1";"Kr-h, Pow, Passion of white, l(2)10642";"ZF-C2H2";"7227"
"280";"l(3)neo38";"-";"ZF-C2H2";"7227"
"281";"Lime";"-";"ZF-C2H2";"7227"
"282";"lmd";"minc, gfl, myoblasts incompetent, gleeful";"ZF-C2H2";"7227"
"283";"lola";"eyeful, longitudinal lacking, btb, misguided, BTB-IV";"ZF-C2H2";"7227"
"284";"luna";"KLF, lincRNA.284";"ZF-C2H2";"7227"
"285";"M1BP";"-";"ZF-C2H2";"7227"
"286";"mamo";"lincRNA.990";"ZF-C2H2";"7227"
"287";"MBD-R2";"dMBD-R2";"ZF-C2H2";"7227"
"288";"Meics";"zinc-finger-motif-protein";"ZF-C2H2";"7227"
"289";"MESR4";"EP0386";"ZF-C2H2";"7227"
"290";"mld";"DTS-3, l(3)3DTS";"ZF-C2H2";"7227"
"291";"MTA1-like";"MTA-like, dMTA1-like, MTA";"ZF-C2H2";"7227"
"292";"MTF-1";"dMTF-1, metal responsive transcription factor";"ZF-C2H2";"7227"
"293";"nerfin-1";"Nerfin";"ZF-C2H2";"7227"
"294";"nerfin-2";"-";"ZF-C2H2";"7227"
"295";"Neu2";"-";"ZF-C2H2";"7227"
"296";"noc";"l(2)35Ba, l(2)br22, nocA, br22, BG:DS04641.1";"ZF-C2H2";"7227"
"297";"nom";"-";"ZF-C2H2";"7227"
"298";"Oaz";"l(2)03563, Dm_2R:42259";"ZF-C2H2";"7227"
"299";"odd";"l(2)01863";"ZF-C2H2";"7227"
"300";"Odj";"-";"ZF-C2H2";"7227"
"301";"opa";"-";"ZF-C2H2";"7227"
"302";"Opbp";"Obp";"ZF-C2H2";"7227"
"303";"ouib";"-";"ZF-C2H2";"7227"
"304";"ovo";"svb, shavenbaby, shaven baby, ovo/svb, ovoD";"ZF-C2H2";"7227"
"305";"pad";"-";"ZF-C2H2";"7227"
"306";"peb";"hnt, Hindsight, EP55";"ZF-C2H2";"7227"
"307";"pho";"l(4)29, YY1, l(4)BU-2, polyhomeotic, l(4)102EFc";"ZF-C2H2";"7227"
"308";"phol";"Pho-like";"ZF-C2H2";"7227"
"309";"Phs";"-";"ZF-C2H2";"7227"
"310";"pita";"spdk";"ZF-C2H2";"7227"
"311";"Plzf";"-";"ZF-C2H2";"7227"
"312";"Prdm13";"-";"ZF-C2H2";"7227"
"313";"prg";"fu2";"ZF-C2H2";"7227"
"314";"pzg";"Z4, p160, Pzg/Z4";"ZF-C2H2";"7227"
"315";"ranshi";"-";"ZF-C2H2";"7227"
"316";"rgr";"-";"ZF-C2H2";"7227"
"317";"rn";"roe, roughened eye, P5.3, tod, tot";"ZF-C2H2";"7227"
"318";"salm";"sal, spalt, l(2)03602";"ZF-C2H2";"7227"
"319";"salr";"spalt, sal, sal-r";"ZF-C2H2";"7227"
"320";"scrt";"lincRNA.S4061";"ZF-C2H2";"7227"
"321";"sens";"Ly, Sensless, sense, sen";"ZF-C2H2";"7227"
"322";"sens-2";"sens2";"ZF-C2H2";"7227"
"323";"seq";"vr5, l(2)vr5, l(2)49Fc";"ZF-C2H2";"7227"
"324";"shn";"quo, l(2)04738, EP2359";"ZF-C2H2";"7227"
"325";"sna";"Sco, l(2)br28, l(2)br29, l(2)35Db, br29";"ZF-C2H2";"7227"
"326";"sob";"-";"ZF-C2H2";"7227"
"327";"Sp1";"D-Sp1";"ZF-C2H2";"7227"
"328";"Spps";"-";"ZF-C2H2";"7227"
"329";"sqz";"l(3)02102";"ZF-C2H2";"7227"
"330";"sr";"-";"ZF-C2H2";"7227"
"331";"Sry-β";"sryβ, sry β";"ZF-C2H2";"7227"
"332";"Sry-δ";"sryδ, serendipity delta, sry δ, EH8, sry";"ZF-C2H2";"7227"
"333";"ssp";"-";"ZF-C2H2";"7227"
"334";"su(Hw)";"suHw";"ZF-C2H2";"7227"
"335";"sug";"-";"ZF-C2H2";"7227"
"336";"tef";"l(2)k15914";"ZF-C2H2";"7227"
"337";"term";"ter";"ZF-C2H2";"7227"
"338";"tio";"-";"ZF-C2H2";"7227"
"339";"topi";"-";"ZF-C2H2";"7227"
"340";"trem";"-";"ZF-C2H2";"7227"
"341";"Trl";"GAF, GAGA, GAGA factor, Nc70F, GAGA-factor";"ZF-C2H2";"7227"
"342";"tsh";"ae";"ZF-C2H2";"7227"
"343";"ttk";"Ttk69, oversensitive, Tramtrack69, Ttk88, FTZ-F2";"ZF-C2H2";"7227"
"344";"ush";"FOG, dFOG";"ZF-C2H2";"7227"
"345";"wdn";"pqp, pourquoi-pas, sry-h1";"ZF-C2H2";"7227"
"346";"wek";"l(2)35Ea, BG:DS09217.5";"ZF-C2H2";"7227"
"347";"wor";"l(2)br35, l(2)35Da, br35, BG:DS03023.1";"ZF-C2H2";"7227"
"348";"zf30C";"l(2)k02506, C282";"ZF-C2H2";"7227"
"349";"zfh1";"zfh-1, Zinc-finger homeodomain protein 1, zinc finger homeodomain 1, l(3)00865";"ZF-C2H2";"7227"
"350";"zfh2";"zfh-2, zinc finger homeodomain 2";"ZF-C2H2";"7227"
"351";"Zif";"-";"ZF-C2H2";"7227"
"352";"ZIPIC";"-";"ZF-C2H2";"7227"
"353";"zld";"vfl, vielfaltig, EP1344";"ZF-C2H2";"7227"
"354";"Nf-YA";"dNF-YA";"CBFTF";"7227"
"355";"Nf-YB";"dNF-YB";"CBFTF";"7227"
"356";"Nf-YC";"-";"CBFTF";"7227"
"357";"ct";"kf, kinked-femur";"CUT";"7227"
"358";"dve";"l(2)01738";"CUT";"7227"
"359";"onecut";"-";"CUT";"7227"
"360";"dmrt11E";"-";"DMRT";"7227"
"361";"dmrt93B";"-";"DMRT";"7227"
"362";"dmrt99B";"-";"DMRT";"7227"
"363";"dsx";"Dmdsx";"DMRT";"7227"
"364";"Dp";"dDP, DP1, l(2)vr10";"E2FTF";"7227"
"365";"E2f1";"E2F, dE2F1, dE2F, E(var)3-93E, drosE2F1";"E2FTF";"7227"
"366";"E2f2";"dE2F2, E2f";"E2FTF";"7227"
"367";"aop";"yan, pokkuri, pok, DROYANETSB, aop/yan";"ETSTF";"7227"
"368";"Eip74EF";"E74, E74A, E74B, Eip74, ECIP";"ETSTF";"7227"
"369";"Ets21C";"D-ets-6";"ETSTF";"7227"
"370";"Ets65A";"D-ets-3, Ets";"ETSTF";"7227"
"371";"Ets96B";"-";"ETSTF";"7227"
"372";"Ets97D";"D-elg, Delg, elg";"ETSTF";"7227"
"373";"Ets98B";"D-ets-4, D-ets4";"ETSTF";"7227"
"374";"pnt";"PntP1, PntP2, D-ets-2, pointed-P1, pointedP2";"ETSTF";"7227"
"375";"bin";"FoxF";"FOX";"7227"
"376";"CG32006";"-";"FOX";"7227"
"377";"CHES-1-like";"anon-EST:Posey7";"FOX";"7227"
"378";"Crg-1";"crg1";"FOX";"7227"
"379";"croc";"FD1, FoxC";"FOX";"7227"
"380";"fd3F";"-";"FOX";"7227"
"381";"fd19B";"-";"FOX";"7227"
"382";"fd59A";"FD3";"FOX";"7227"
"383";"fd96Ca";"FD4";"FOX";"7227"
"384";"fd96Cb";"FD5";"FOX";"7227"
"385";"fd102C";"-";"FOX";"7227"
"386";"fkh";"Secretion enhancer-binding protein 2, Sebp2";"FOX";"7227"
"387";"FoxK";"Mnf, fd68A";"FOX";"7227"
"388";"FoxL1";"fd64A, FD2";"FOX";"7227"
"389";"foxo";"dFOXO, Forkhead box O, forkhead box sub-group O, FKHR, forkhead transcription factor";"FOX";"7227"
"390";"FoxP";"fd85E, forkhead domain 85E";"FOX";"7227"
"391";"jumu";"Dom, jumeaux, Domina, l(3)06439, l(3)06142";"FOX";"7227"
"392";"slp1";"slp, sloppy-paired, sloppy paired, FD6, slp-1";"FOX";"7227"
"393";"slp2";"slp, sloppy-paired, sloppy paired, FD7, FoxG";"FOX";"7227"
"394";"GATAd";"dGATAd";"GATA";"7227"
"395";"GATAe";"dGATAe";"GATA";"7227"
"396";"grn";"GATAc, gra, dGATAc, l(3)84Fa, Gata-c";"GATA";"7227"
"397";"pnr";"dGATAa, GATA";"GATA";"7227"
"398";"srp";"dGATAb, GATAb, GATA, l(3)01549, ABF";"GATA";"7227"
"399";"gcm";"glide/gcm, glide, glial cell missing, glial cell deficient";"GCM";"7227"
"400";"gcm2";"glide2, glial cells missing 2";"GCM";"7227"
"401";"Bap111";"dalao, BAF57";"HMGBTF";"7227"
"402";"bbx";"-";"HMGBTF";"7227"
"403";"CG4617";"-";"HMGBTF";"7227"
"404";"CG12104";"-";"HMGBTF";"7227"
"405";"cic";"fettucine, fet, E(Dl)D49";"HMGBTF";"7227"
"406";"D";"fish, fish-hook, DM23, DM10, DM33";"HMGBTF";"7227"
"407";"Dsp1";"Hmg14B";"HMGBTF";"7227"
"408";"Hmg-2";"BEST:LD07122";"HMGBTF";"7227"
"409";"HmgD";"HMG-D, HMG D, HMG1";"HMGBTF";"7227"
"410";"HmgZ";"HMG-Z";"HMGBTF";"7227"
"411";"Lpt";"cmi, cara mitad";"HMGBTF";"7227"
"412";"pan";"dTCF, TCF, l(4)13, LEF-1, T cell factor";"HMGBTF";"7227"
"413";"polybromo";"PB, bap180, baf180";"HMGBTF";"7227"
"414";"Sox14";"DSox14";"HMGBTF";"7227"
"415";"Sox15";"SoxE, SoxF";"HMGBTF";"7227"
"416";"Sox21a";"-";"HMGBTF";"7227"
"417";"Sox21b";"sox-like";"HMGBTF";"7227"
"418";"Sox100B";"SoxB";"HMGBTF";"7227"
"419";"Sox102F";"-";"HMGBTF";"7227"
"420";"SoxN";"DM64";"HMGBTF";"7227"
"421";"Ssrp";"SSRP1, dSSRP1";"HMGBTF";"7227"
"422";"TFAM";"mtTFA, d-TFAM";"HMGBTF";"7227"
"423";"tHMG1";"-";"HMGBTF";"7227"
"424";"tHMG2";"-";"HMGBTF";"7227"
"425";"abd-A";"abdA, iab-2, iab-4, iab-3, Hab";"HOXL";"7227"
"426";"Abd-B";"AbdB, Mcp, iab-7, iab-6, Fab-7";"HOXL";"7227"
"427";"Antp";"ANT-C, Hu, DmAntp, Scx, Antennapaedia";"HOXL";"7227"
"428";"bcd";"-";"HOXL";"7227"
"429";"btn";"-";"HOXL";"7227"
"430";"cad";"38E.19, cd";"HOXL";"7227"
"431";"Dfd";"DmDfd";"HOXL";"7227"
"432";"eve";"E(eve), Complementation group F, l(2)46Ce";"HOXL";"7227"
"433";"ftz";"Dm-Ftz";"HOXL";"7227"
"434";"ind";"-";"HOXL";"7227"
"435";"lab";"F90-2, F24";"HOXL";"7227"
"436";"pb";"l(3)04498, proposcipedia";"HOXL";"7227"
"437";"ro";"-";"HOXL";"7227"
"438";"Scr";"Msc, Multiple sex comb";"HOXL";"7227"
"439";"Ubx";"bx, pbx, Cbx, bithorax, bxd";"HOXL";"7227"
"440";"zen";"z1, zerknult";"HOXL";"7227"
"441";"zen2";"z2";"HOXL";"7227"
"442";"ap";"-";"LIM";"7227"
"443";"Awh";"l(3)63Ea";"LIM";"7227"
"444";"CG4328";"-";"LIM";"7227"
"445";"Lim1";"dlim1, dlim-1, BcDNA:GH04929, Lim kinase";"LIM";"7227"
"446";"Lim3";"l(2)37Bd";"LIM";"7227"
"447";"Lmx1a";"-";"LIM";"7227"
"448";"tup";"islet, isl";"LIM";"7227"
"449";"Adf1";"Adf-1, nal, nalyot, l(2)01349, l(2)k14805";"MADF-BESS-TF";"7227"
"450";"Dlip3";"Dip3";"MADF-BESS-TF";"7227"
"451";"stwl";"-";"MADF-BESS-TF";"7227"
"452";"Mad";"pMad, Mothers Against Decapentaplegic, Mother against decapentaplegic, dMad, Smad";"MHTF";"7227"
"453";"Med";"l(3)SG70, dSmad4, l(3)11m-254";"MHTF";"7227"
"454";"NfI";"-";"MHTF";"7227"
"455";"Smox";"dSmad2, Smad2, l(1)G0348, Sad";"MHTF";"7227"
"456";"bs";"DSRF, SRF, pruned, D-SRF, serum response factor";"MADSTF";"7227"
"457";"Mef2";"Dmef2, D-mef2, Myocyte enhancing factor 2, Mef-2, Dmef";"MADSTF";"7227"
"458";"bap";"NK3, NK-3, bgp";"NKL";"7227"
"459";"B-H1";"Bar";"NKL";"7227"
"460";"B-H2";"Bar";"NKL";"7227"
"461";"bsh";"E86";"NKL";"7227"
"462";"C15";"clawless, cll";"NKL";"7227"
"463";"CG11085";"-";"NKL";"7227"
"464";"CG15696";"-";"NKL";"7227"
"465";"CG18599";"-";"NKL";"7227"
"466";"CG34031";"BP1068";"NKL";"7227"
"467";"Dbx";"-";"NKL";"7227"
"468";"Dll";"Ba, l(2)01092, Brista, Distall-less";"NKL";"7227"
"469";"Dr";"msh, muscle segment homeobox, muscle specific homeobox, msh1, Msx";"NKL";"7227"
"470";"E5";"-";"NKL";"7227"
"471";"ems";"-";"NKL";"7227"
"472";"en";"Eng, spt, spermatheca, en1";"NKL";"7227"
"473";"exex";"Hb9, dHb9";"NKL";"7227"
"474";"H2.0";"-";"NKL";"7227"
"475";"HGTX";"Nkx6, Nk6";"NKL";"7227"
"476";"HHEX";"-";"NKL";"7227"
"477";"Hmx";"-";"NKL";"7227"
"478";"inv";"in, engrailed-related";"NKL";"7227"
"479";"lbe";"ladybird, lb";"NKL";"7227"
"480";"lbl";"ladybird, lb";"NKL";"7227"
"481";"lms";"-";"NKL";"7227"
"482";"NK7.1";"-";"NKL";"7227"
"483";"scro";"l7, l(3)Lh7";"NKL";"7227"
"484";"slou";"S59, NK-1, S59/NK-1, Nk1";"NKL";"7227"
"485";"tin";"NK-4, msh-2, NK4/msh-2, msh2, NK4";"NKL";"7227"
"486";"unpg";"unp, upg";"NKL";"7227"
"487";"vnd";"NK-2, vnd/NK-2, NK2, EC6, EG:118B3.1";"NKL";"7227"
"488";"Dif";"-";"NF-KB";"7227"
"489";"dl";"NFκB, GSd447";"NF-KB";"7227"
"490";"Rel";"NF-κB, ird4, NFκB, l(3)neo36";"NF-KB";"7227"
"491";"NFAT";"EP1335, MESR1, Misexpression Suppressor of Ras 1, Rel domain protein";"NFAT";"7227"
"492";"dsf";"-";"NR";"7227"
"493";"EcR";"EcR-B1, EcRB1, DmEcR, EcR-A, ecdysteroid receptor";"NR";"7227"
"494";"Eip75B";"E75, E75A, E75B, E75C, l(3)neo25";"NR";"7227"
"495";"Eip78C";"E78, E78B, E78A, Eip78, nuclear hormone receptor";"NR";"7227"
"496";"ERR";"dERR";"NR";"7227"
"497";"ftz-f1";"βFTZ-F1, ftzf1, ftz-f1α, β-Ftz-F1, l(3)03649";"NR";"7227"
"498";"Hnf4";"dHNF4, dHNF-4, HNF-4(D), Hnf-4, NHF4";"NR";"7227"
"499";"Hr3";"DHR3, Hr46, Hormone receptor-like in 46, NR1F4, Complementation group D";"NR";"7227"
"500";"Hr4";"DHR4, EP1232, EG:BACH61I5.1, EG:133E12.2, NR6A2";"NR";"7227"
"501";"Hr38";"DHR38, 38E.7, 38E.3, NR4A4";"NR";"7227"
"502";"Hr39";"DHR39, ftz-F1β, fs(2)neo8, fs(2)04443, NR5B1";"NR";"7227"
"503";"Hr51";"unf, DHR51, unfulfilled, Nr2e3";"NR";"7227"
"504";"Hr78";"DHR78, XR78E/F, NR2D1";"NR";"7227"
"505";"Hr83";"DHR83, NR2E5";"NR";"7227"
"506";"Hr96";"DHR96, NR1J1";"NR";"7227"
"507";"svp";"ck16, NR2F3, l(3)ck16, don, SVP1";"NR";"7227"
"508";"tll";"NR2E2";"NR";"7227"
"509";"usp";"DmUSP, CF1, EG:22E5.1, dUSP, NR2B4";"NR";"7227"
"510";"eg";"egon, egl, spy";"NR0";"7227"
"511";"kni";"ri, radius incompletus";"NR0";"7227"
"512";"knrl";"knirps-related, knirps related";"NR0";"7227"
"513";"brk";"ssg-1";"ODBDTF";"7227"
"514";"bun";"shs, l(2)00255, Dm_2L:60722, TSC-22";"ODBDTF";"7227"
"515";"Camta";"croaker, dCAMTA, cro, Calmodulin-binding transcription factor, DmCAMTA";"ODBDTF";"7227"
"516";"CG9727";"-";"ODBDTF";"7227"
"517";"CG11970";"BcDNA:LD23876";"ODBDTF";"7227"
"518";"CG12659";"-";"ODBDTF";"7227"
"519";"CG15011";"-";"ODBDTF";"7227"
"520";"CG32772";"-";"ODBDTF";"7227"
"521";"D1";"-";"ODBDTF";"7227"
"522";"dac";"dachsund, dacshund, l(2)36Ae, Dach, BG:DS02780.3";"ODBDTF";"7227"
"523";"Deaf1";"DEAF-1";"ODBDTF";"7227"
"524";"E(bx)";"NURF301, NURF, p301, dNURF, Nurf-215";"ODBDTF";"7227"
"525";"elB";"el, elbow, BG:DS06238.3";"ODBDTF";"7227"
"526";"ewg";"EC3, EG:BACR37P7.7, l(1)1Ag, l(1)EC3";"ODBDTF";"7227"
"527";"fs(1)h";"fsh, Fs(1)h-L, fs(1)1456, fs(1)M16, l(1)G0093";"ODBDTF";"7227"
"528";"fuss";"CORL, dCORL";"ODBDTF";"7227"
"529";"gem";"-";"ODBDTF";"7227"
"530";"grh";"NTF-1, Elf-1, Gh, l(2)06850, Elf1";"ODBDTF";"7227"
"531";"Hsf";"dHSF, l(2)03091, HSF1, heat-shock transcription factor, Dm-Hsf";"ODBDTF";"7227"
"532";"insv";"-";"ODBDTF";"7227"
"533";"lilli";"l(2)00632, Su(Raf)2A, l(2)23Cc, AFF4, SY2-1";"ODBDTF";"7227"
"534";"Mabi";"-";"ODBDTF";"7227"
"535";"mod(mdg4)";"E(var)3-93D, doom, mnm, Mod(mdg4)2.2, Mod(mdg4)67.2";"ODBDTF";"7227"
"536";"Mrtf";"DMRTF, mal-d, mal";"ODBDTF";"7227"
"537";"NC2α";"Drap1";"ODBDTF";"7227"
"538";"NC2β";"BG:DS00929.3, Dr1, NC2 beta";"ODBDTF";"7227"
"539";"p53";"Dmp53, dp53";"ODBDTF";"7227"
"540";"Rfx";"dRFX, Regulatory factor X";"ODBDTF";"7227"
"541";"row";"-";"ODBDTF";"7227"
"542";"Snoo";"dSno, SnoN, dSki, l(2)SH1402";"ODBDTF";"7227"
"543";"Stat92E";"STAT, marelle, mrl, D-STAT, Dstat";"ODBDTF";"7227"
"544";"stc";"l(2)35Cb, l(2)br33, br33, BG:DS04929.4";"ODBDTF";"7227"
"545";"Su(H)";"SuH, l(2)br7, Supressor of Hairless, l(2)35Bh, CSL";"ODBDTF";"7227"
"546";"TfAP-2";"dAP-2, AP-2, l(3)1215, AP-2α";"ODBDTF";"7227"
"547";"Thd1";"G/T-mismatch-specific-thymine-DNA-glycosylase";"ODBDTF";"7227"
"548";"woc";"-";"ODBDTF";"7227"
"549";"z";"EG:BACH59J11.3";"ODBDTF";"7227"
"550";"Poxm";"Pox-m";"PRD";"7227"
"551";"Poxn";"Pox-n";"PRD";"7227"
"552";"sv";"D-Pax2, spa, sparkling, Pax2, dPax2";"PRD";"7227"
"553";"ey";"Pax6, l(4)33, Pax-6, eye";"PRDH";"7227"
"554";"eyg";"lune, lun, BK27, Eygone";"PRDH";"7227"
"555";"gsb";"gsb-d, BSH9, l(2)01155";"PRDH";"7227"
"556";"gsb-n";"gsb-p, gsb, gsbn, BSH4, gsb-neuro";"PRDH";"7227"
"557";"prd";"-";"PRDH";"7227"
"558";"toe";"twin of eyegone";"PRDH";"7227"
"559";"toy";"l(4)8, l(4)102CDg";"PRDH";"7227"
"560";"al";"L13-4";"PRDL";"7227"
"561";"CG9876";"-";"PRDL";"7227"
"562";"CG11294";"-";"PRDL";"7227"
"563";"CG32532";"-";"PRDL";"7227"
"564";"CG34367";"-";"PRDL";"7227"
"565";"Drgx";"-";"PRDL";"7227"
"566";"Gsc";"D-gsc, 60Mun2, l(2)05341, Muenster 72";"PRDL";"7227"
"567";"hbn";"-";"PRDL";"7227"
"568";"oc";"otd, orthodenticle, Otx, ort, orthodentical";"PRDL";"7227"
"569";"OdsH";"-";"PRDL";"7227"
"570";"otp";"W26, bk24";"PRDL";"7227"
"571";"PHDP";"-";"PRDL";"7227"
"572";"Pph13";"Munster, hazy, Mu";"PRDL";"7227"
"573";"Ptx1";"D-Ptx1";"PRDL";"7227"
"574";"repo";"RK2, reverse polarity";"PRDL";"7227"
"575";"Rx";"DRx, E97, PPH17, bk50";"PRDL";"7227"
"576";"unc-4";"Dunc-4";"PRDL";"7227"
"577";"Vsx1";"dChx1, Chx1, dVsx1, lincRNA.S8688";"PRDL";"7227"
"578";"Vsx2";"Chx2, dVsx2";"PRDL";"7227"
"579";"bab1";"bab, bric-a-brac, bric a brac, bab-I, bric a brac I";"PSQ";"7227"
"580";"bab2";"bab, bab-II, bric-a-brac, bric a brac, BTB-II";"PSQ";"7227"
"581";"BtbVII";"BTB-VII";"PSQ";"7227"
"582";"CG3726";"-";"PSQ";"7227"
"583";"CG8924";"-";"PSQ";"7227"
"584";"CG15812";"piefke, pfk";"PSQ";"7227"
"585";"dan";"fernandez";"PSQ";"7227"
"586";"danr";"hernandez";"PSQ";"7227"
"587";"dany";"-";"PSQ";"7227"
"588";"Eip93F";"E93, lincRNA.833, l(3)ry93, l(3)93, psg11";"PSQ";"7227"
"589";"lov";"Tkr, BTB-III, dTKR, 91Y, Tyrosine kinase-related protein";"PSQ";"7227"
"590";"psq";"eyeful, rumpf, zep, BTB-V, rum";"PSQ";"7227"
"591";"rib";"-";"PSQ";"7227"
"592";"acj6";"I-POU";"POU";"7227"
"593";"nub";"pdm-1, Pdm1, Pdm, dPOU-19, POU domain protein 1";"POU";"7227"
"594";"pdm2";"pdm-2, pdm, miti, dPOU-28, dPOU28";"POU";"7227"
"595";"pdm3";"-";"POU";"7227"
"596";"vvl";"drifter, dfr, Cf1a, ventral veinless, Drf";"POU";"7227"
"597";"pros";"Voila, DROPROSA, pro, a la voile et a la vapeur, DMPROSPER";"PROS";"7227"
"598";"lz";"fs(1)M69";"RUNT";"7227"
"599";"run";"leg, AA33";"RUNT";"7227"
"600";"RunxA";"-";"RUNT";"7227"
"601";"RunxB";"-";"RUNT";"7227"
"602";"apt";"tdf, tracheae defective, l(2)06369, l(2)59Ea, l(2)09049";"SANT-MYB-TF";"7227"
"603";"Bdp1";"-";"SANT-MYB-TF";"7227"
"604";"Myb";"Dm-Myb, Dm myb, D-myb, dMyb, c-Myb";"SANT-MYB-TF";"7227"
"605";"Pbp95";"DmSNAP190, DmPBP";"SANT-MYB-TF";"7227"
"606";"Optix";"opt, D-Six3, Six3, Dsix3";"SIX";"7227"
"607";"Six4";"DSix4, D-Six4";"SIX";"7227"
"608";"so";"Drl, mda, medusa";"SIX";"7227"
"609";"achi";"zaa";"TALE";"7227"
"610";"ara";"iro, iroquois, Iro-C, IroC";"TALE";"7227"
"611";"caup";"iro, iroquois, Iro-C";"TALE";"7227"
"612";"CG11617";"-";"TALE";"7227"
"613";"exd";"Dpbx, lincRNA.S9404";"TALE";"7227"
"614";"hth";"dorsotonals, dtl, P53, anon-EST:Liang-2.13";"TALE";"7227"
"615";"mirr";"Iro-C, iro, iroquois, mrr, Sail";"TALE";"7227"
"616";"vis";"zaa, achi/vis";"TALE";"7227"
"617";"bi";"omb, optomotor-blind, optomotor blind, Qd, l(1)omb";"TBX";"7227"
"618";"byn";"Trg";"TBX";"7227"
"619";"Doc1";"Doc, Dorsocross, Tb66F2";"TBX";"7227"
"620";"Doc2";"Doc, Dorsocross, Doc-2";"TBX";"7227"
"621";"Doc3";"Doc";"TBX";"7227"
"622";"H15";"nmr, nmr1, neuromancer, neuromancer1, neuromancer 1";"TBX";"7227"
"623";"mid";"nmr2, extra, neuromancer2, neuromancer 2, lost in space";"TBX";"7227"
"624";"org-1";"-";"TBX";"7227"
"625";"sd";"sp, l(1)G0309, l(1)G0239, l(1)G0262, l(1)G0483";"TEATF";"7227"
"626";"CG13894";"-";"THAPTF";"7227"
"627";"CG14860";"-";"THAPTF";"7227"
"628";"CG14965";"-";"THAPTF";"7227"
"629";"Dlip2";"Dip2";"THAPTF";"7227"
