"1"	"1"	"Alx3"	"Alx3/Alx3_3418.2_deBruijn.txt"
"2"	"2"	"Alx4"	"Alx4/Alx4_1744.1_deBruijn.txt"
"3"	"3"	"Arid3a"	"Arid3a/Arid3a_3875.1_v1_deBruijn.txt"
"4"	"3"	"Arid3a"	"Arid3a/Arid3a_3875.1_v2_deBruijn.txt"
"5"	"3"	"Arid3a"	"Arid3a/Arid3a_3875.2_v1_deBruijn.txt"
"6"	"3"	"Arid3a"	"Arid3a/Arid3a_3875.2_v2_deBruijn.txt"
"7"	"4"	"Arid5a"	"Arid5a/Arid5a_3770.2_v1_deBruijn.txt"
"8"	"4"	"Arid5a"	"Arid5a/Arid5a_3770.2_v2_deBruijn.txt"
"9"	"5"	"Arx"	"Arx/Arx_1738.2_deBruijn.txt"
"10"	"6"	"Ascl2"	"Ascl2/Ascl2_2654.2_v1_deBruijn.txt"
"11"	"6"	"Ascl2"	"Ascl2/Ascl2_2654.2_v2_deBruijn.txt"
"12"	"7"	"Atf1"	"Atf1/Atf1_3026.3_v1_deBruijn.txt"
"13"	"7"	"Atf1"	"Atf1/Atf1_3026.3_v2_deBruijn.txt"
"14"	"8"	"Bapx1"	"Bapx1/Bapx1_2343.1_deBruijn.txt"
"15"	"9"	"Barhl1"	"Barhl1/Barhl1_2590.2_deBruijn.txt"
"16"	"10"	"Barhl2"	"Barhl2/Barhl2_3868.1_deBruijn.txt"
"17"	"11"	"Barx1"	"Barx1/Barx1_2877.1_deBruijn.txt"
"18"	"12"	"Barx2"	"Barx2/Barx2_3447.2_deBruijn.txt"
"19"	"13"	"Bbx"	"Bbx/Bbx_3753.1_v1_deBruijn.txt"
"20"	"13"	"Bbx"	"Bbx/Bbx_3753.1_v2_deBruijn.txt"
"21"	"14"	"Bcl6b"	"Bcl6b/Bcl6b_0961.2_v1_deBruijn.txt"
"22"	"14"	"Bcl6b"	"Bcl6b/Bcl6b_0961.2_v2_deBruijn.txt"
"23"	"15"	"Bhlhb2"	"Bhlhb2/Bhlhb2_1274.3_v1_deBruijn.txt"
"24"	"15"	"Bhlhb2"	"Bhlhb2/Bhlhb2_1274.3_v2_deBruijn.txt"
"25"	"15"	"Bhlhb2"	"Bhlhb2/Bhlhb2_4971.1_v1_deBruijn.txt"
"26"	"15"	"Bhlhb2"	"Bhlhb2/Bhlhb2_4971.1_v2_deBruijn.txt"
"27"	"16"	"Bsx"	"Bsx/Bsx_3483.2_deBruijn.txt"
"28"	"17"	"Cart1"	"Cart1/Cart1_0997.1_deBruijn.txt"
"29"	"17"	"Cart1"	"Cart1/Cart1_1275.1_deBruijn.txt"
"30"	"18"	"Cdx1"	"Cdx1/Cdx1_2245.1_deBruijn.txt"
"31"	"19"	"Cdx2"	"Cdx2/Cdx2_4272.1_deBruijn.txt"
"32"	"20"	"Cphx"	"Cphx/Cphx_3484.1_deBruijn.txt"
"33"	"21"	"Crx"	"Crx/Crx_3485.1_deBruijn.txt"
"34"	"22"	"Cutl1"	"Cutl1/Cutl1_3494.1_deBruijn.txt"
"35"	"22"	"Cutl1"	"Cutl1/Cutl1_3494.2_deBruijn.txt"
"36"	"23"	"Dbx1"	"Dbx1/Dbx1_3486.1_deBruijn.txt"
"37"	"24"	"Dbx2"	"Dbx2/Dbx2_3487.1_deBruijn.txt"
"38"	"25"	"Dlx1"	"Dlx1/Dlx1_1741.2_deBruijn.txt"
"39"	"26"	"Dlx2"	"Dlx2/Dlx2_2273.2_deBruijn.txt"
"40"	"27"	"Dlx3"	"Dlx3/Dlx3_1030.1_deBruijn.txt"
"41"	"28"	"Dlx4"	"Dlx4/Dlx4_3488.2_deBruijn.txt"
"42"	"29"	"Dlx5"	"Dlx5/Dlx5_3419.2_deBruijn.txt"
"43"	"30"	"Dmbx1"	"Dmbx1/Dmbx1_2277.1_deBruijn.txt"
"44"	"31"	"Dobox4"	"Dobox4/Dobox4_3956.2_deBruijn.txt"
"45"	"32"	"Dobox5"	"Dobox5/Dobox5_3493.1_deBruijn.txt"
"46"	"33"	"Duxl"	"Duxl/Duxl_1286.2_deBruijn.txt"
"47"	"34"	"E2F2"	"E2F2/E2F2_1022.2_v1_deBruijn.txt"
"48"	"34"	"E2F2"	"E2F2/E2F2_1022.2_v2_deBruijn.txt"
"49"	"34"	"E2F2"	"E2F2/E2F2_1022.4_v1_deBruijn.txt"
"50"	"34"	"E2F2"	"E2F2/E2F2_1022.4_v2_deBruijn.txt"
"51"	"35"	"E2F3"	"E2F3/E2F3_3752.1_v1_deBruijn.txt"
"52"	"35"	"E2F3"	"E2F3/E2F3_3752.1_v2_deBruijn.txt"
"53"	"35"	"E2F3"	"E2F3/E2F3_3752.2_v1_deBruijn.txt"
"54"	"35"	"E2F3"	"E2F3/E2F3_3752.2_v2_deBruijn.txt"
"55"	"36"	"Egr1"	"Egr1/Egr1_2580.1_v1_deBruijn.txt"
"56"	"36"	"Egr1"	"Egr1/Egr1_2580.1_v2_deBruijn.txt"
"57"	"36"	"Egr1"	"Egr1/Egr1_2580.2_v1_deBruijn.txt"
"58"	"36"	"Egr1"	"Egr1/Egr1_2580.2_v2_deBruijn.txt"
"59"	"37"	"Ehf"	"Ehf/Ehf_deBruijn.txt"
"60"	"37"	"Ehf"	"Ehf/Ehf_3056.2_v1_deBruijn.txt"
"61"	"37"	"Ehf"	"Ehf/Ehf_3056.2_v2_deBruijn.txt"
"62"	"38"	"Elf2"	"Elf2/Elf2_deBruijn.txt"
"63"	"39"	"Elf3"	"Elf3/Elf3_deBruijn.txt"
"64"	"39"	"Elf3"	"Elf3/Elf3_3876.1_v1_deBruijn.txt"
"65"	"39"	"Elf3"	"Elf3/Elf3_3876.1_v2_deBruijn.txt"
"66"	"40"	"Elf4"	"Elf4/Elf4_deBruijn.txt"
"67"	"41"	"Elf5"	"Elf5/Elf5_deBruijn.txt"
"68"	"42"	"Elk1"	"Elk1/Elk1_deBruijn.txt"
"69"	"43"	"Elk3"	"Elk3/Elk3_deBruijn.txt"
"70"	"44"	"Elk4"	"Elk4/Elk4_deBruijn.txt"
"71"	"45"	"Emx2"	"Emx2/Emx2_3420.1_deBruijn.txt"
"72"	"46"	"En1"	"En1/En1_3123.2_deBruijn.txt"
"73"	"47"	"En2"	"En2/En2_0952.1_deBruijn.txt"
"74"	"48"	"Eomes"	"Eomes/Eomes_0921.4_v1_deBruijn.txt"
"75"	"48"	"Eomes"	"Eomes/Eomes_0921.4_v2_deBruijn.txt"
"76"	"49"	"Erg"	"Erg/Erg_deBruijn.txt"
"77"	"50"	"Esrra"	"Esrra/Esrra_2190.2_v1_deBruijn.txt"
"78"	"50"	"Esrra"	"Esrra/Esrra_2190.2_v2_deBruijn.txt"
"79"	"51"	"Esx1"	"Esx1/Esx1_3124.2_deBruijn.txt"
"80"	"52"	"Ets1"	"Ets1/Ets1_deBruijn.txt"
"81"	"53"	"Etv1"	"Etv1/Etv1_deBruijn.txt"
"82"	"54"	"Etv3"	"Etv3/Etv3_deBruijn.txt"
"83"	"55"	"Etv4"	"Etv4/Etv4_deBruijn.txt"
"84"	"56"	"Etv5"	"Etv5/Etv5_deBruijn.txt"
"85"	"57"	"Etv6"	"Etv6/Etv6_deBruijn.txt"
"86"	"58"	"Evx1"	"Evx1/Evx1_3952.2_deBruijn.txt"
"87"	"59"	"Evx2"	"Evx2/Evx2_2645.3_deBruijn.txt"
"88"	"60"	"Fli1"	"Fli1/Fli1_deBruijn.txt"
"89"	"61"	"Foxa2"	"Foxa2/Foxa2_2830.2_v1_deBruijn.txt"
"90"	"61"	"Foxa2"	"Foxa2/Foxa2_2830.2_v2_deBruijn.txt"
"91"	"62"	"Foxj1"	"Foxj1/Foxj1_3125.2_v1_deBruijn.txt"
"92"	"62"	"Foxj1"	"Foxj1/Foxj1_3125.2_v2_deBruijn.txt"
"93"	"63"	"Foxj3"	"Foxj3/Foxj3_0982.2_v1_deBruijn.txt"
"94"	"63"	"Foxj3"	"Foxj3/Foxj3_0982.2_v2_deBruijn.txt"
"95"	"64"	"Foxk1"	"Foxk1/Foxk1_2323.4_v1_deBruijn.txt"
"96"	"64"	"Foxk1"	"Foxk1/Foxk1_2323.4_v2_deBruijn.txt"
"97"	"65"	"Foxl1"	"Foxl1/Foxl1_2809.2_v1_deBruijn.txt"
"98"	"65"	"Foxl1"	"Foxl1/Foxl1_2809.2_v2_deBruijn.txt"
"99"	"66"	"Gabpa"	"Gabpa/Gabpa_deBruijn.txt"
"100"	"66"	"Gabpa"	"Gabpa/Gabpa_2829.2_v1_deBruijn.txt"
"101"	"66"	"Gabpa"	"Gabpa/Gabpa_2829.2_v2_deBruijn.txt"
"102"	"67"	"Gata3"	"Gata3/Gata3_1024.3_v1_deBruijn.txt"
"103"	"67"	"Gata3"	"Gata3/Gata3_1024.3_v2_deBruijn.txt"
"104"	"67"	"Gata3"	"Gata3/Gata3_4964.2_v1_deBruijn.txt"
"105"	"67"	"Gata3"	"Gata3/Gata3_4964.2_v2_deBruijn.txt"
"106"	"68"	"Gata5"	"Gata5/Gata5_3768.1_v1_deBruijn.txt"
"107"	"68"	"Gata5"	"Gata5/Gata5_3768.1_v2_deBruijn.txt"
"108"	"69"	"Gata6"	"Gata6/Gata6_3769.1_v1_deBruijn.txt"
"109"	"69"	"Gata6"	"Gata6/Gata6_3769.1_v2_deBruijn.txt"
"110"	"70"	"Gbx1"	"Gbx1/Gbx1_2883.2_deBruijn.txt"
"111"	"71"	"Gbx2"	"Gbx2/Gbx2_3110.1_deBruijn.txt"
"112"	"72"	"Gcm1"	"Gcm1/Gcm1_3732.1_v1_deBruijn.txt"
"113"	"72"	"Gcm1"	"Gcm1/Gcm1_3732.1_v2_deBruijn.txt"
"114"	"73"	"Glis2"	"Glis2/Glis2_1757.2_v1_deBruijn.txt"
"115"	"73"	"Glis2"	"Glis2/Glis2_1757.2_v2_deBruijn.txt"
"116"	"74"	"Gm397"	"Gm397/Gm397_1753.4_v1_deBruijn.txt"
"117"	"74"	"Gm397"	"Gm397/Gm397_1753.4_v2_deBruijn.txt"
"118"	"75"	"Gm4881"	"Gm4881/Gm4881_deBruijn.txt"
"119"	"76"	"Gm5454"	"Gm5454/Gm5454_deBruijn.txt"
"120"	"77"	"Gmeb1"	"Gmeb1/Gmeb1_1745.2_v1_deBruijn.txt"
"121"	"77"	"Gmeb1"	"Gmeb1/Gmeb1_1745.2_v2_deBruijn.txt"
"122"	"78"	"Gsc"	"Gsc/Gsc_2327.3_deBruijn.txt"
"123"	"79"	"Gsh2"	"Gsh2/Gsh2_3990.2_deBruijn.txt"
"124"	"80"	"Hbp1"	"Hbp1/Hbp1_2241.2_v2_deBruijn.txt"
"125"	"80"	"Hbp1"	"Hbp1/Hbp1_2241.3_v1_deBruijn.txt"
"126"	"81"	"Hdx"	"Hdx/Hdx_3845.3_deBruijn.txt"
"127"	"82"	"Hic1"	"Hic1/Hic1_2816.2_v1_deBruijn.txt"
"128"	"82"	"Hic1"	"Hic1/Hic1_2816.2_v2_deBruijn.txt"
"129"	"83"	"Hlx1"	"Hlx1/Hlx1_2350.1_deBruijn.txt"
"130"	"84"	"Hlxb9"	"Hlxb9/Hlxb9_3422.1_deBruijn.txt"
"131"	"85"	"Hmbox1"	"Hmbox1/Hmbox1_2674.1_deBruijn.txt"
"132"	"86"	"Hmx1"	"Hmx1/Hmx1_3423.1_deBruijn.txt"
"133"	"87"	"Hmx2"	"Hmx2/Hmx2_3424.3_deBruijn.txt"
"134"	"88"	"Hmx3"	"Hmx3/Hmx3_3490.2_deBruijn.txt"
"135"	"89"	"Hnf4a"	"Hnf4a/Hnf4a_2640.2_v1_deBruijn.txt"
"136"	"89"	"Hnf4a"	"Hnf4a/Hnf4a_2640.2_v2_deBruijn.txt"
"137"	"90"	"Homez"	"Homez/Homez_1063.2_deBruijn.txt"
"138"	"91"	"Hoxa1"	"Hoxa1/Hoxa10_2318.1_deBruijn.txt"
"139"	"91"	"Hoxa1"	"Hoxa1/Hoxa11_2218.1_deBruijn.txt"
"140"	"91"	"Hoxa1"	"Hoxa1/Hoxa13_3126.1_deBruijn.txt"
"141"	"91"	"Hoxa1"	"Hoxa1/Hoxa1_3425.1_deBruijn.txt"
"142"	"92"	"Hoxa10"	"Hoxa10/Hoxa10_2318.1_deBruijn.txt"
"143"	"93"	"Hoxa11"	"Hoxa11/Hoxa11_2218.1_deBruijn.txt"
"144"	"94"	"Hoxa13"	"Hoxa13/Hoxa13_3126.1_deBruijn.txt"
"145"	"95"	"Hoxa2"	"Hoxa2/Hoxa2_3079.1_deBruijn.txt"
"146"	"96"	"Hoxa3"	"Hoxa3/Hoxa3_2783.2_deBruijn.txt"
"147"	"96"	"Hoxa3"	"Hoxa3/Hoxa3_2783.2_v1_deBruijn.txt"
"148"	"96"	"Hoxa3"	"Hoxa3/Hoxa3_2783.2_v2_deBruijn.txt"
"149"	"97"	"Hoxa4"	"Hoxa4/Hoxa4_3426.1_deBruijn.txt"
"150"	"98"	"Hoxa5"	"Hoxa5/Hoxa5_3415.1_deBruijn.txt"
"151"	"99"	"Hoxa6"	"Hoxa6/Hoxa6_1040.1_deBruijn.txt"
"152"	"100"	"Hoxa7"	"Hoxa7/Hoxa7_2668.2_deBruijn.txt"
"153"	"100"	"Hoxa7"	"Hoxa7/Hoxa7_3750.1_deBruijn.txt"
"154"	"101"	"Hoxa9"	"Hoxa9/Hoxa9_2622.2_deBruijn.txt"
"155"	"102"	"Hoxb13"	"Hoxb13/Hoxb13_3479.1_deBruijn.txt"
"156"	"103"	"Hoxb3"	"Hoxb3/Hoxb3_1720.2_deBruijn.txt"
"157"	"104"	"Hoxb4"	"Hoxb4/Hoxb4_2627.1_deBruijn.txt"
"158"	"105"	"Hoxb5"	"Hoxb5/Hoxb5_3122.2_deBruijn.txt"
"159"	"106"	"Hoxb6"	"Hoxb6/Hoxb6_3428.2_deBruijn.txt"
"160"	"107"	"Hoxb7"	"Hoxb7/Hoxb7_3953.1_deBruijn.txt"
"161"	"108"	"Hoxb8"	"Hoxb8/Hoxb8_3780.2_deBruijn.txt"
"162"	"109"	"Hoxb9"	"Hoxb9/Hoxb9_3413.1_deBruijn.txt"
"163"	"110"	"Hoxc10"	"Hoxc10/Hoxc10_2779.2_deBruijn.txt"
"164"	"111"	"Hoxc11"	"Hoxc11/Hoxc11_3718.2_deBruijn.txt"
"165"	"112"	"Hoxc12"	"Hoxc12/Hoxc12_3480.1_deBruijn.txt"
"166"	"113"	"Hoxc13"	"Hoxc13/Hoxc13_3127.1_deBruijn.txt"
"167"	"114"	"Hoxc4"	"Hoxc4/Hoxc4_3491.1_deBruijn.txt"
"168"	"115"	"Hoxc5"	"Hoxc5/Hoxc5_2630.2_deBruijn.txt"
"169"	"116"	"Hoxc6"	"Hoxc6/Hoxc6_3954.2_deBruijn.txt"
"170"	"117"	"Hoxc8"	"Hoxc8/Hoxc8_3429.2_deBruijn.txt"
"171"	"118"	"Hoxc9"	"Hoxc9/Hoxc9_2367.2_deBruijn.txt"
"172"	"119"	"Hoxd1"	"Hoxd1/Hoxd10_2368.2_deBruijn.txt"
"173"	"119"	"Hoxd1"	"Hoxd1/Hoxd11_3873.1_deBruijn.txt"
"174"	"119"	"Hoxd1"	"Hoxd1/Hoxd12_3481.1_deBruijn.txt"
"175"	"119"	"Hoxd1"	"Hoxd1/Hoxd13_2356.1_deBruijn.txt"
"176"	"119"	"Hoxd1"	"Hoxd1/Hoxd1_3448.1_deBruijn.txt"
"177"	"120"	"Hoxd10"	"Hoxd10/Hoxd10_2368.2_deBruijn.txt"
"178"	"121"	"Hoxd11"	"Hoxd11/Hoxd11_3873.1_deBruijn.txt"
"179"	"122"	"Hoxd12"	"Hoxd12/Hoxd12_3481.1_deBruijn.txt"
"180"	"123"	"Hoxd13"	"Hoxd13/Hoxd13_2356.1_deBruijn.txt"
"181"	"124"	"Hoxd3"	"Hoxd3/Hoxd3_1742.2_deBruijn.txt"
"182"	"125"	"Hoxd8"	"Hoxd8/Hoxd8_2644.1_deBruijn.txt"
"183"	"126"	"Ipf1"	"Ipf1/Ipf1_3815.1_deBruijn.txt"
"184"	"127"	"IRC900814"	"IRC900814/IRC900814_3520.1_v1_deBruijn.txt"
"185"	"127"	"IRC900814"	"IRC900814/IRC900814_3520.1_v2_deBruijn.txt"
"186"	"128"	"Irf3"	"Irf3/Irf3_3985.1_v1_deBruijn.txt"
"187"	"128"	"Irf3"	"Irf3/Irf3_3985.1_v2_deBruijn.txt"
"188"	"129"	"Irf4"	"Irf4/Irf4_3476.1_v1_deBruijn.txt"
"189"	"129"	"Irf4"	"Irf4/Irf4_3476.1_v2_deBruijn.txt"
"190"	"130"	"Irf5"	"Irf5/Irf5_3874.1_v1_deBruijn.txt"
"191"	"130"	"Irf5"	"Irf5/Irf5_3874.1_v2_deBruijn.txt"
"192"	"131"	"Irf6"	"Irf6/Irf6_3803.1_v1_deBruijn.txt"
"193"	"131"	"Irf6"	"Irf6/Irf6_3803.1_v2_deBruijn.txt"
"194"	"132"	"Irx2"	"Irx2/Irx2_0900.3_deBruijn.txt"
"195"	"133"	"Irx3"	"Irx3/Irx3_0920.1_deBruijn.txt"
"196"	"133"	"Irx3"	"Irx3/Irx3_2226.1_deBruijn.txt"
"197"	"134"	"Irx4"	"Irx4/Irx4_2242.3_deBruijn.txt"
"198"	"135"	"Irx5"	"Irx5/Irx5_2385.1_deBruijn.txt"
"199"	"136"	"Irx6"	"Irx6/Irx6_2623.2_deBruijn.txt"
"200"	"137"	"Isgf3g"	"Isgf3g/Isgf3g_2853.2_v1_deBruijn.txt"
"201"	"137"	"Isgf3g"	"Isgf3g/Isgf3g_2853.2_v2_deBruijn.txt"
"202"	"138"	"Isl2"	"Isl2/Isl2_3430.1_deBruijn.txt"
"203"	"139"	"Isx"	"Isx/Isx_3445.1_deBruijn.txt"
"204"	"140"	"Jundm2"	"Jundm2/Jundm2_0911.3_v1_deBruijn.txt"
"205"	"140"	"Jundm2"	"Jundm2/Jundm2_0911.3_v2_deBruijn.txt"
"206"	"141"	"Klf7"	"Klf7/Klf7_0974.2_v1_deBruijn.txt"
"207"	"141"	"Klf7"	"Klf7/Klf7_0974.2_v2_deBruijn.txt"
"208"	"142"	"Lbx2"	"Lbx2/Lbx2_3869.2_deBruijn.txt"
"209"	"143"	"Lef1"	"Lef1/Lef1_3504.1_v1_deBruijn.txt"
"210"	"143"	"Lef1"	"Lef1/Lef1_3504.1_v2_deBruijn.txt"
"211"	"144"	"Lhx1"	"Lhx1/Lhx1_2240.2_deBruijn.txt"
"212"	"145"	"Lhx2"	"Lhx2/Lhx2_0953.2_deBruijn.txt"
"213"	"146"	"Lhx3"	"Lhx3/Lhx3_3431.1_deBruijn.txt"
"214"	"147"	"Lhx4"	"Lhx4/Lhx4_1719.2_deBruijn.txt"
"215"	"148"	"Lhx5"	"Lhx5/Lhx5_2279.1_deBruijn.txt"
"216"	"149"	"Lhx6"	"Lhx6/Lhx6_2272.1_deBruijn.txt"
"217"	"149"	"Lhx6"	"Lhx6/Lhx6_3432.1_deBruijn.txt"
"218"	"150"	"Lhx8"	"Lhx8/Lhx8_2247.2_deBruijn.txt"
"219"	"151"	"Lhx9"	"Lhx9/Lhx9_3492.1_deBruijn.txt"
"220"	"152"	"Lmx1a"	"Lmx1a/Lmx1a_2238.2_deBruijn.txt"
"221"	"153"	"Lmx1b"	"Lmx1b/Lmx1b_3433.2_deBruijn.txt"
"222"	"154"	"Mafb"	"Mafb/Mafb_2914.2_v1_deBruijn.txt"
"223"	"154"	"Mafb"	"Mafb/Mafb_2914.2_v2_deBruijn.txt"
"224"	"155"	"Mafk"	"Mafk/Mafk_3106.2_v1_deBruijn.txt"
"225"	"155"	"Mafk"	"Mafk/Mafk_3106.2_v2_deBruijn.txt"
"226"	"156"	"Max"	"Max/Max_3863.1_v1_deBruijn.txt"
"227"	"156"	"Max"	"Max/Max_3863.1_v2_deBruijn.txt"
"228"	"156"	"Max"	"Max/Max_3864.1_v1_deBruijn.txt"
"229"	"156"	"Max"	"Max/Max_3864.1_v2_deBruijn.txt"
"230"	"157"	"Meis1"	"Meis1/Meis1_2335.1_deBruijn.txt"
"231"	"158"	"Meox1"	"Meox1/Meox1_2310.2_deBruijn.txt"
"232"	"159"	"Mrg1"	"Mrg1/Mrg1_2246.2_deBruijn.txt"
"233"	"160"	"Mrg2"	"Mrg2/Mrg2_2302.1_deBruijn.txt"
"234"	"161"	"Msx1"	"Msx1/Msx1_3031.2_deBruijn.txt"
"235"	"162"	"Msx2"	"Msx2/Msx2_3449.1_deBruijn.txt"
"236"	"163"	"Msx3"	"Msx3/Msx3_3206.1_deBruijn.txt"
"237"	"164"	"Mtf1"	"Mtf1/Mtf1_2377.2_v1_deBruijn.txt"
"238"	"164"	"Mtf1"	"Mtf1/Mtf1_2377.3_v2_deBruijn.txt"
"239"	"165"	"Myb"	"Myb/Myb_1047.3_v1_deBruijn.txt"
"240"	"165"	"Myb"	"Myb/Myb_1047.3_v2_deBruijn.txt"
"241"	"165"	"Myb"	"Myb/Mybl1_1717.2_v1_deBruijn.txt"
"242"	"165"	"Myb"	"Myb/Mybl1_1717.2_v2_deBruijn.txt"
"243"	"166"	"Mybl1"	"Mybl1/Mybl1_1717.2_v1_deBruijn.txt"
"244"	"166"	"Mybl1"	"Mybl1/Mybl1_1717.2_v2_deBruijn.txt"
"245"	"167"	"Myf6"	"Myf6/Myf6_3824.2_v1_deBruijn.txt"
"246"	"167"	"Myf6"	"Myf6/Myf6_3824.2_v2_deBruijn.txt"
"247"	"168"	"Nkx1-1"	"Nkx1-1/Nkx1-1_3856.3_deBruijn.txt"
"248"	"169"	"Nkx1-2"	"Nkx1-2/Nkx1-2_3214.1_deBruijn.txt"
"249"	"170"	"Nkx2-2"	"Nkx2-2/Nkx2-2_2823.1_deBruijn.txt"
"250"	"171"	"Nkx2-3"	"Nkx2-3/Nkx2-3_3435.1_deBruijn.txt"
"251"	"172"	"Nkx2-4"	"Nkx2-4/Nkx2-4_3074.1_deBruijn.txt"
"252"	"173"	"Nkx2-5"	"Nkx2-5/Nkx2-5_3436.1_deBruijn.txt"
"253"	"174"	"Nkx2-6"	"Nkx2-6/Nkx2-6_3437.1_deBruijn.txt"
"254"	"175"	"Nkx2-9"	"Nkx2-9/Nkx2-9_3082.1_deBruijn.txt"
"255"	"176"	"Nkx3-1"	"Nkx3-1/Nkx3-1_2923.2_deBruijn.txt"
"256"	"176"	"Nkx3-1"	"Nkx3-1/Nkx3-1_2923.2_v1_deBruijn.txt"
"257"	"176"	"Nkx3-1"	"Nkx3-1/Nkx3-1_2923.2_v2_deBruijn.txt"
"258"	"177"	"Nkx6-1"	"Nkx6-1/Nkx6-1_2825.1_deBruijn.txt"
"259"	"177"	"Nkx6-1"	"Nkx6-1/Nkx6-1_2825.2_deBruijn.txt"
"260"	"178"	"Nkx6-3"	"Nkx6-3/Nkx6-3_3446.1_deBruijn.txt"
"261"	"179"	"Nr2f2"	"Nr2f2/Nr2f2_2192.2_v1_deBruijn.txt"
"262"	"179"	"Nr2f2"	"Nr2f2/Nr2f2_2192.2_v2_deBruijn.txt"
"263"	"180"	"Obox1"	"Obox1/Obox1_3970.2_deBruijn.txt"
"264"	"181"	"Obox2"	"Obox2/Obox2_3438.2_deBruijn.txt"
"265"	"182"	"Obox3"	"Obox3/Obox3_3439.1_deBruijn.txt"
"266"	"183"	"Obox5"	"Obox5/Obox5_2284.1_deBruijn.txt"
"267"	"183"	"Obox5"	"Obox5/Obox5_3963.2_deBruijn.txt"
"268"	"184"	"Obox6"	"Obox6/Obox6_3440.2_deBruijn.txt"
"269"	"185"	"Og2x"	"Og2x/Og2x_3719.1_deBruijn.txt"
"270"	"186"	"Osr1"	"Osr1/Osr1_3033.2_v1_deBruijn.txt"
"271"	"186"	"Osr1"	"Osr1/Osr1_3033.2_v2_deBruijn.txt"
"272"	"187"	"Osr2"	"Osr2/Osr2_1727.2_v1_deBruijn.txt"
"273"	"187"	"Osr2"	"Osr2/Osr2_1727.2_v2_deBruijn.txt"
"274"	"188"	"Otp"	"Otp/Otp_3496.1_deBruijn.txt"
"275"	"189"	"Otx1"	"Otx1/Otx1_2325.1_deBruijn.txt"
"276"	"190"	"Otx2"	"Otx2/Otx2_3441.1_deBruijn.txt"
"277"	"191"	"Pax4"	"Pax4/Pax4_3989.2_deBruijn.txt"
"278"	"192"	"Pax6"	"Pax6/Pax6_3838.3_deBruijn.txt"
"279"	"193"	"Pax7"	"Pax7/Pax7_3783.1_deBruijn.txt"
"280"	"194"	"Pbx1"	"Pbx1/Pbx1_3203.1_deBruijn.txt"
"281"	"195"	"Phox2a"	"Phox2a/Phox2a_3947.1_deBruijn.txt"
"282"	"196"	"Phox2b"	"Phox2b/Phox2b_3948.1_deBruijn.txt"
"283"	"197"	"Pitx1"	"Pitx1/Pitx1_2312.1_deBruijn.txt"
"284"	"198"	"Pitx2"	"Pitx2/Pitx2_2274.3_deBruijn.txt"
"285"	"199"	"Pitx3"	"Pitx3/Pitx3_3497.2_deBruijn.txt"
"286"	"200"	"Pknox1"	"Pknox1/Pknox1_2364.2_deBruijn.txt"
"287"	"201"	"Pknox2"	"Pknox2/Pknox2_3077.2_deBruijn.txt"
"288"	"202"	"Plagl1"	"Plagl1/Plagl1_0972.2_v1_deBruijn.txt"
"289"	"202"	"Plagl1"	"Plagl1/Plagl1_0972.2_v2_deBruijn.txt"
"290"	"203"	"Pou1f1"	"Pou1f1/Pou1f1_3818.1_deBruijn.txt"
"291"	"204"	"Pou2f1"	"Pou2f1/Pou2f1_3081.2_deBruijn.txt"
"292"	"205"	"Pou2f2"	"Pou2f2/Pou2f2_3748.1_deBruijn.txt"
"293"	"206"	"Pou2f3"	"Pou2f3/Pou2f3_3986.2_deBruijn.txt"
"294"	"207"	"Pou3f1"	"Pou3f1/Pou3f1_3819.1_deBruijn.txt"
"295"	"208"	"Pou3f2"	"Pou3f2/Pou3f2_2824.1_deBruijn.txt"
"296"	"209"	"Pou3f3"	"Pou3f3/Pou3f3_3235.2_deBruijn.txt"
"297"	"210"	"Pou3f4"	"Pou3f4/Pou3f4_3773.1_deBruijn.txt"
"298"	"211"	"Pou4f3"	"Pou4f3/Pou4f3_2791.1_deBruijn.txt"
"299"	"212"	"Pou6f1"	"Pou6f1/Pou6f1_1731.2_deBruijn.txt"
"300"	"212"	"Pou6f1"	"Pou6f1/Pou6f1_3733.1_deBruijn.txt"
"301"	"213"	"Prop1"	"Prop1/Prop1_3949.1_deBruijn.txt"
"302"	"214"	"Prrx1"	"Prrx1/Prrx1_3442.1_deBruijn.txt"
"303"	"215"	"Prrx2"	"Prrx2/Prrx2_3072.1_deBruijn.txt"
"304"	"216"	"Rara"	"Rara/Rara_1051.2_v1_deBruijn.txt"
"305"	"216"	"Rara"	"Rara/Rara_1051.3_v2_deBruijn.txt"
"306"	"217"	"Rax"	"Rax/Rax_3443.1_deBruijn.txt"
"307"	"218"	"Rfx3"	"Rfx3/Rfx3_3961.1_v1_deBruijn.txt"
"308"	"218"	"Rfx3"	"Rfx3/Rfx3_3961.1_v2_deBruijn.txt"
"309"	"218"	"Rfx3"	"Rfx3/Rfx3_4970.2_v1_deBruijn.txt"
"310"	"218"	"Rfx3"	"Rfx3/Rfx3_4970.2_v2_deBruijn.txt"
"311"	"219"	"Rfx4"	"Rfx4/Rfx4_3761.1_v1_deBruijn.txt"
"312"	"219"	"Rfx4"	"Rfx4/Rfx4_3761.1_v2_deBruijn.txt"
"313"	"220"	"Rfxdc2"	"Rfxdc2/Rfxdc2_3516.1_v1_deBruijn.txt"
"314"	"220"	"Rfxdc2"	"Rfxdc2/Rfxdc2_3516.1_v2_deBruijn.txt"
"315"	"221"	"Rhox11"	"Rhox11/Rhox11_1765.2_deBruijn.txt"
"316"	"221"	"Rhox11"	"Rhox11/Rhox11_2205.1_deBruijn.txt"
"317"	"222"	"Rhox6"	"Rhox6/Rhox6_4251.1_deBruijn.txt"
"318"	"223"	"Rxra"	"Rxra/Rxra_1035.2_v1_deBruijn.txt"
"319"	"223"	"Rxra"	"Rxra/Rxra_1035.2_v2_deBruijn.txt"
"320"	"224"	"Sfpi1"	"Sfpi1/Sfpi1_deBruijn.txt"
"321"	"224"	"Sfpi1"	"Sfpi1/Sfpi1_1034.2_v1_deBruijn.txt"
"322"	"224"	"Sfpi1"	"Sfpi1/Sfpi1_1034.2_v2_deBruijn.txt"
"323"	"224"	"Sfpi1"	"Sfpi1/Sfpi1_1034.3_v1_deBruijn.txt"
"324"	"224"	"Sfpi1"	"Sfpi1/Sfpi1_1034.3_v2_deBruijn.txt"
"325"	"225"	"Shox2"	"Shox2/Shox2_2641.2_deBruijn.txt"
"326"	"226"	"Six1"	"Six1/Six1_0935.2_deBruijn.txt"
"327"	"227"	"Six2"	"Six2/Six2_2307.2_deBruijn.txt"
"328"	"228"	"Six3"	"Six3/Six3_1732.2_deBruijn.txt"
"329"	"229"	"Six4"	"Six4/Six4_2860.1_deBruijn.txt"
"330"	"230"	"Six6"	"Six6/Six6_2267.4_deBruijn.txt"
"331"	"230"	"Six6"	"Six6/Six6_2267.5_deBruijn.txt"
"332"	"230"	"Six6"	"Six6/Six6_2267.4_v1_deBruijn.txt"
"333"	"230"	"Six6"	"Six6/Six6_2267.4_v2_deBruijn.txt"
"334"	"231"	"Smad3"	"Smad3/Smad3_3805.1_v1_deBruijn.txt"
"335"	"231"	"Smad3"	"Smad3/Smad3_3805.3_v2_deBruijn.txt"
"336"	"232"	"Sox1"	"Sox1/Sox11_2266.2_v1_deBruijn.txt"
"337"	"232"	"Sox1"	"Sox1/Sox11_2266.2_v2_deBruijn.txt"
"338"	"232"	"Sox1"	"Sox1/Sox12_3957.1_v1_deBruijn.txt"
"339"	"232"	"Sox1"	"Sox1/Sox12_3957.1_v2_deBruijn.txt"
"340"	"232"	"Sox1"	"Sox1/Sox13_1718.2_v1_deBruijn.txt"
"341"	"232"	"Sox1"	"Sox1/Sox13_1718.2_v2_deBruijn.txt"
"342"	"232"	"Sox1"	"Sox1/Sox14_2677.2_v1_deBruijn.txt"
"343"	"232"	"Sox1"	"Sox1/Sox14_2677.2_v2_deBruijn.txt"
"344"	"232"	"Sox1"	"Sox1/Sox15_3457.1_v1_deBruijn.txt"
"345"	"232"	"Sox1"	"Sox1/Sox15_3457.1_v2_deBruijn.txt"
"346"	"232"	"Sox1"	"Sox1/Sox17_2837.2_v1_deBruijn.txt"
"347"	"232"	"Sox1"	"Sox1/Sox17_2837.2_v2_deBruijn.txt"
"348"	"232"	"Sox1"	"Sox1/Sox18_3506.1_v1_deBruijn.txt"
"349"	"232"	"Sox1"	"Sox1/Sox18_3506.1_v2_deBruijn.txt"
"350"	"232"	"Sox1"	"Sox1/Sox1_2631.2_v1_deBruijn.txt"
"351"	"232"	"Sox1"	"Sox1/Sox1_2631.2_v2_deBruijn.txt"
"352"	"233"	"Sox11"	"Sox11/Sox11_2266.2_v1_deBruijn.txt"
"353"	"233"	"Sox11"	"Sox11/Sox11_2266.2_v2_deBruijn.txt"
"354"	"234"	"Sox12"	"Sox12/Sox12_3957.1_v1_deBruijn.txt"
"355"	"234"	"Sox12"	"Sox12/Sox12_3957.1_v2_deBruijn.txt"
"356"	"235"	"Sox13"	"Sox13/Sox13_1718.2_v1_deBruijn.txt"
"357"	"235"	"Sox13"	"Sox13/Sox13_1718.2_v2_deBruijn.txt"
"358"	"236"	"Sox14"	"Sox14/Sox14_2677.2_v1_deBruijn.txt"
"359"	"236"	"Sox14"	"Sox14/Sox14_2677.2_v2_deBruijn.txt"
"360"	"237"	"Sox15"	"Sox15/Sox15_3457.1_v1_deBruijn.txt"
"361"	"237"	"Sox15"	"Sox15/Sox15_3457.1_v2_deBruijn.txt"
"362"	"238"	"Sox17"	"Sox17/Sox17_2837.2_v1_deBruijn.txt"
"363"	"238"	"Sox17"	"Sox17/Sox17_2837.2_v2_deBruijn.txt"
"364"	"239"	"Sox18"	"Sox18/Sox18_3506.1_v1_deBruijn.txt"
"365"	"239"	"Sox18"	"Sox18/Sox18_3506.1_v2_deBruijn.txt"
"366"	"240"	"Sox21"	"Sox21/Sox21_3417.1_v1_deBruijn.txt"
"367"	"240"	"Sox21"	"Sox21/Sox21_3417.1_v2_deBruijn.txt"
"368"	"241"	"Sox30"	"Sox30/Sox30_2781.2_v1_deBruijn.txt"
"369"	"241"	"Sox30"	"Sox30/Sox30_2781.2_v2_deBruijn.txt"
"370"	"242"	"Sox4"	"Sox4/Sox4_2941.2_v1_deBruijn.txt"
"371"	"242"	"Sox4"	"Sox4/Sox4_2941.2_v2_deBruijn.txt"
"372"	"243"	"Sox5"	"Sox5/Sox5_3459.1_v1_deBruijn.txt"
"373"	"243"	"Sox5"	"Sox5/Sox5_3459.1_v2_deBruijn.txt"
"374"	"244"	"Sox7"	"Sox7/Sox7_3460.1_v1_deBruijn.txt"
"375"	"244"	"Sox7"	"Sox7/Sox7_3460.2_v2_deBruijn.txt"
"376"	"244"	"Sox7"	"Sox7/Sox7_4972.2_v1_deBruijn.txt"
"377"	"244"	"Sox7"	"Sox7/Sox7_4972.2_v2_deBruijn.txt"
"378"	"245"	"Sox8"	"Sox8/Sox8_1733.2_v1_deBruijn.txt"
"379"	"245"	"Sox8"	"Sox8/Sox8_1733.2_v2_deBruijn.txt"
"380"	"246"	"Sp100"	"Sp100/Sp100_2947.2_v1_deBruijn.txt"
"381"	"246"	"Sp100"	"Sp100/Sp100_2947.2_v2_deBruijn.txt"
"382"	"247"	"Sp4"	"Sp4/Sp4_1011.2_v1_deBruijn.txt"
"383"	"247"	"Sp4"	"Sp4/Sp4_1011.2_v2_deBruijn.txt"
"384"	"248"	"Spdef"	"Spdef/Spdef_deBruijn.txt"
"385"	"248"	"Spdef"	"Spdef/Spdef_0905.2_v1_deBruijn.txt"
"386"	"248"	"Spdef"	"Spdef/Spdef_0905.2_v2_deBruijn.txt"
"387"	"249"	"Spic"	"Spic/Spic_deBruijn.txt"
"388"	"250"	"Srf"	"Srf/Srf_3509.1_v1_deBruijn.txt"
"389"	"250"	"Srf"	"Srf/Srf_3509.1_v2_deBruijn.txt"
"390"	"251"	"Sry"	"Sry/Sry_2833.2_v1_deBruijn.txt"
"391"	"251"	"Sry"	"Sry/Sry_2833.2_v2_deBruijn.txt"
"392"	"252"	"Tbp"	"Tbp/Tbp_pr781.1_v1_deBruijn.txt"
"393"	"252"	"Tbp"	"Tbp/Tbp_pr781.1_v2_deBruijn.txt"
"394"	"253"	"Tcf1"	"Tcf1/Tcf1_2666.2_deBruijn.txt"
"395"	"253"	"Tcf1"	"Tcf1/Tcf1_2666.2_v1_deBruijn.txt"
"396"	"253"	"Tcf1"	"Tcf1/Tcf1_2666.2_v2_deBruijn.txt"
"397"	"253"	"Tcf1"	"Tcf1/Tcf1_2666.3_v1_deBruijn.txt"
"398"	"253"	"Tcf1"	"Tcf1/Tcf1_2666.3_v2_deBruijn.txt"
"399"	"254"	"Tcf2"	"Tcf2/Tcf2_0913.2_deBruijn.txt"
"400"	"255"	"Tcf3"	"Tcf3/Tcf3_3787.1_v1_deBruijn.txt"
"401"	"255"	"Tcf3"	"Tcf3/Tcf3_3787.1_v2_deBruijn.txt"
"402"	"256"	"Tcf7"	"Tcf7/Tcf7_0950.2_v1_deBruijn.txt"
"403"	"256"	"Tcf7"	"Tcf7/Tcf7_0950.2_v2_deBruijn.txt"
"404"	"256"	"Tcf7"	"Tcf7/Tcf7l2_3461.1_v1_deBruijn.txt"
"405"	"256"	"Tcf7"	"Tcf7/Tcf7l2_3461.1_v2_deBruijn.txt"
"406"	"257"	"Tcf7l2"	"Tcf7l2/Tcf7l2_3461.1_v1_deBruijn.txt"
"407"	"257"	"Tcf7l2"	"Tcf7l2/Tcf7l2_3461.1_v2_deBruijn.txt"
"408"	"258"	"Tcfap2a"	"Tcfap2a/Tcfap2a_2337.3_v1_deBruijn.txt"
"409"	"258"	"Tcfap2a"	"Tcfap2a/Tcfap2a_2337.3_v2_deBruijn.txt"
"410"	"259"	"Tcfap2b"	"Tcfap2b/Tcfap2b_3988.1_v1_deBruijn.txt"
"411"	"259"	"Tcfap2b"	"Tcfap2b/Tcfap2b_3988.1_v2_deBruijn.txt"
"412"	"260"	"Tcfap2c"	"Tcfap2c/Tcfap2c_2912.2_v1_deBruijn.txt"
"413"	"260"	"Tcfap2c"	"Tcfap2c/Tcfap2c_2912.2_v2_deBruijn.txt"
"414"	"261"	"Tcfap2e"	"Tcfap2e/Tcfap2e_3713.1_v1_deBruijn.txt"
"415"	"261"	"Tcfap2e"	"Tcfap2e/Tcfap2e_3713.1_v2_deBruijn.txt"
"416"	"262"	"Tcfe2a"	"Tcfe2a/Tcfe2a_3865.1_v1_deBruijn.txt"
"417"	"262"	"Tcfe2a"	"Tcfe2a/Tcfe2a_3865.1_v2_deBruijn.txt"
"418"	"263"	"Tgif1"	"Tgif1/Tgif1_2342.2_deBruijn.txt"
"419"	"264"	"Tgif2"	"Tgif2/Tgif2_3451.1_deBruijn.txt"
"420"	"265"	"Titf1"	"Titf1/Titf1_1722.2_deBruijn.txt"
"421"	"266"	"Tlx2"	"Tlx2/Tlx2_3498.2_deBruijn.txt"
"422"	"267"	"Uncx4.1"	"Uncx4.1/Uncx4.1_2281.2_deBruijn.txt"
"423"	"268"	"Vax1"	"Vax1/Vax1_3499.1_deBruijn.txt"
"424"	"269"	"Vax2"	"Vax2/Vax2_3500.1_deBruijn.txt"
"425"	"270"	"Vsx1"	"Vsx1/Vsx1_1728.1_deBruijn.txt"
"426"	"271"	"Zbtb12"	"Zbtb12/Zbtb12_2932.2_v1_deBruijn.txt"
"427"	"271"	"Zbtb12"	"Zbtb12/Zbtb12_2932.2_v2_deBruijn.txt"
"428"	"272"	"Zbtb3"	"Zbtb3/Zbtb3_1048.2_v1_deBruijn.txt"
"429"	"272"	"Zbtb3"	"Zbtb3/Zbtb3_1048.2_v2_deBruijn.txt"
"430"	"273"	"Zbtb7b"	"Zbtb7b/Zbtb7b_1054.2_v1_deBruijn.txt"
"431"	"273"	"Zbtb7b"	"Zbtb7b/Zbtb7b_1054.2_v2_deBruijn.txt"
"432"	"274"	"Zfp105"	"Zfp105/Zfp105_2634.2_v1_deBruijn.txt"
"433"	"274"	"Zfp105"	"Zfp105/Zfp105_2634.2_v2_deBruijn.txt"
"434"	"275"	"Zfp128"	"Zfp128/Zfp128_2806.2_v1_deBruijn.txt"
"435"	"275"	"Zfp128"	"Zfp128/Zfp128_2806.2_v2_deBruijn.txt"
"436"	"276"	"Zfp161"	"Zfp161/Zfp161_2858.2_v1_deBruijn.txt"
"437"	"276"	"Zfp161"	"Zfp161/Zfp161_2858.2_v2_deBruijn.txt"
"438"	"277"	"Zfp187"	"Zfp187/Zfp187_2626.2_v1_deBruijn.txt"
"439"	"277"	"Zfp187"	"Zfp187/Zfp187_2626.2_v2_deBruijn.txt"
"440"	"278"	"Zfp281"	"Zfp281/Zfp281_0973.2_v1_deBruijn.txt"
"441"	"278"	"Zfp281"	"Zfp281/Zfp281_0973.2_v2_deBruijn.txt"
"442"	"279"	"Zfp410"	"Zfp410/Zfp410_3034.2_v1_deBruijn.txt"
"443"	"279"	"Zfp410"	"Zfp410/Zfp410_3034.2_v2_deBruijn.txt"
"444"	"280"	"Zfp691"	"Zfp691/Zfp691_0895.2_v1_deBruijn.txt"
"445"	"280"	"Zfp691"	"Zfp691/Zfp691_0895.2_v2_deBruijn.txt"
"446"	"281"	"Zfp740"	"Zfp740/Zfp740_0925.2_v2_deBruijn.txt"
"447"	"281"	"Zfp740"	"Zfp740/Zfp740_0925.3_v1_deBruijn.txt"
"448"	"282"	"Zic1"	"Zic1/Zic1_0991.2_v1_deBruijn.txt"
"449"	"282"	"Zic1"	"Zic1/Zic1_0991.2_v2_deBruijn.txt"
"450"	"283"	"Zic2"	"Zic2/Zic2_2895.2_v1_deBruijn.txt"
"451"	"283"	"Zic2"	"Zic2/Zic2_2895.2_v2_deBruijn.txt"
"452"	"284"	"Zic3"	"Zic3/Zic3_3119.2_v1_deBruijn.txt"
"453"	"284"	"Zic3"	"Zic3/Zic3_3119.2_v2_deBruijn.txt"
"454"	"285"	"Zscan4"	"Zscan4/Zscan4_2667.2_v1_deBruijn.txt"
"455"	"285"	"Zscan4"	"Zscan4/Zscan4_2667.2_v2_deBruijn.txt"
